SALE TYPE,SOLD DATE,PROPERTY TYPE,ADDRESS,CITY,STATE OR PROVINCE,ZIP OR POSTAL CODE,PRICE,BEDS,BATHS,LOCATION,SQUARE FEET,LOT SIZE,YEAR BUILT,DAYS ON MARKET,$/SQUARE FEET,HOA/MONTH,STATUS,NEXT OPEN HOUSE START TIME,NEXT OPEN HOUSE END TIME,URL (SEE http://www.redfin.com/buy-a-home/comparative-market-analysis FOR INFO ON PRICING),SOURCE,MLS#,FAVORITE,INTERESTED,LATITUDE,LONGITUDE
MLS Listing,,Condo/Co-op,757 North Point St #4,San Francisco,CA,94109,1198000,2,2.0,Russian Hill,1190,,1989,19,1007,700,Active,,,http://www.redfin.com/CA/San-Francisco/757-N-Point-St-94109/unit-4/home/1816724,San Francisco MLS,511091,N,Y,37.8055317,-122.4196058
MLS Listing,,Condo/Co-op,1083 Clay St #201,San Francisco,CA,94108,915000,1,1.0,Nob Hill,915,,1984,43,1000,774,Active,,,http://www.redfin.com/CA/San-Francisco/1083-Clay-St-94108/unit-201/home/866246,San Francisco MLS,510175,N,Y,37.7935318,-122.4108297
MLS Listing,,Condo/Co-op,490 Connecticut St #3,San Francisco,CA,94107,649000,1,1.0,Potrero Hill,,,1940,52,,225,Active,,,http://www.redfin.com/CA/San-Francisco/490-Connecticut-St-94107/unit-3/home/114074218,San Francisco MLS,509606,N,Y,37.760116,-122.3974807
MLS Listing,,Single Family Residential,4353 17th St,San Francisco,CA,94114,899000,1,1.0,Corona Heights,685,1123,1909,64,1312,,Active,,,http://www.redfin.com/CA/San-Francisco/4353-17th-St-94114/home/1299551,San Francisco MLS,509150,N,Y,37.7619358,-122.4417445
MLS Listing,,Condo/Co-op,260 King St #665,San Francisco,CA,94107,999000,2,2.0,Mission Bay,1083,,2004,72,922,899,Active,,,http://www.redfin.com/CA/San-Francisco/260-King-St-94107/unit-665/home/22889652,San Francisco MLS,508729,N,Y,37.7776422,-122.3934181
MLS Listing,,Condo/Co-op,1188 Valencia St #509,San Francisco,CA,94110,1449000,2,2.0,Inner Mission,,,2018,72,,533,Active,,,http://www.redfin.com/CA/San-Francisco/1188-Valencia-St-94110/unit-509/home/169571314,San Francisco MLS,508715,N,Y,37.75392,-122.4210164
MLS Listing,,Condo/Co-op,1370 Hayes St #1372,San Francisco,CA,94117,1498000,4,2.25,North Panhandle,1706,,1900,102,878,286,Active,,,http://www.redfin.com/CA/San-Francisco/1370-Hayes-St-94117/unit-1372/home/148065731,San Francisco MLS,506674,N,Y,37.7751235,-122.4390217
Redfin Data,,Condo/Co-op,1688 Pine St Unit E506,San Francisco,CA,94109,1298000,2,2.0,San Francisco,989,,2016,3,1312,758,Pre On-Market,,,http://www.redfin.com/CA/San-Francisco/1688-Pine-St-94109/unit-E506/home/112778979,Coming Soon,65735,N,Y,37.789553,-122.4232788
Redfin Data,,Condo/Co-op,451 Kansas St #371,San Francisco,CA,94107,899000,1,1.0,San Francisco,778,,2007,12,1156,556,Pre On-Market,,,http://www.redfin.com/CA/San-Francisco/451-Kansas-St-94107/unit-371/home/23424333,Coming Soon,65600,N,Y,37.764113,-122.4029865
MLS Listing,,Single Family Residential,312 Athens St,SAN FRANCISCO,CA,94112,1488000,3,2.5,SAN FRANCISCO,1240,2495,1910,1,1200,,Active,,,http://www.redfin.com/CA/San-Francisco/312-Athens-St-94112/home/775569,MLSListings,ML81824410,N,Y,37.7231025,-122.4276701
MLS Listing,,Condo/Co-op,601 Van Ness Ave #230,San Francisco,CA,94102,620000,1,1.0,Van Ness/Civic Center,677,,1982,1,916,909,Active,,,http://www.redfin.com/CA/San-Francisco/601-Van-Ness-Ave-94102/unit-230/home/578119,San Francisco MLS,511596,N,Y,37.7813857,-122.4214063
MLS Listing,,Multi-Family (2-4 Unit),1156-1158 Church St,San Francisco,CA,94114,2449000,5,2.0,Noe Valley,2414,1711,1908,1,1014,,Active,,,http://www.redfin.com/CA/San-Francisco/1156-Church-St-94114/home/1767365,San Francisco MLS,511252,N,Y,37.7522816,-122.4277621
MLS Listing,,Condo/Co-op,601 Van Ness Ave #832,San Francisco,CA,94102,679000,1,1.0,Van Ness/Civic Center,682,,1982,1,996,909,Active,,,http://www.redfin.com/CA/San-Francisco/601-Van-Ness-Ave-94102/unit-832/home/576201,San Francisco MLS,511348,N,Y,37.7813857,-122.4214063
MLS Listing,,Single Family Residential,20 Palo Alto Ave,San Francisco,CA,94114,5495000,5,5.5,Clarendon Heights,5043,4443,1991,1,1090,,Active,,,http://www.redfin.com/CA/San-Francisco/20-Palo-Alto-Ave-94114/home/26779942,San Francisco MLS,507244,N,Y,37.7570491,-122.4482009
MLS Listing,,Single Family Residential,1258 Shafter Ave,San Francisco,CA,94124,1275000,2,1.0,Bayview,995,2500,1944,1,1281,,Active,,,http://www.redfin.com/CA/San-Francisco/1258-Shafter-Ave-94124/home/1742879,San Francisco MLS,511572,N,Y,37.727584,-122.3842556
MLS Listing,,Single Family Residential,105 Trumbull St,San Francisco,CA,94112,899000,3,2.0,Excelsior,1365,3271,1905,1,659,,Active,,,http://www.redfin.com/CA/San-Francisco/105-Trumbull-St-94112/home/1167395,San Francisco MLS,511509,N,Y,37.7309772,-122.4281864
MLS Listing,,Single Family Residential,7 Hill Point Ave,San Francisco,CA,94117,2400000,4,4.0,Parnassus/Ashbury Heights,2092,3361,1917,1,1147,,Active,,,http://www.redfin.com/CA/San-Francisco/7-Hill-Point-Ave-94117/home/602373,San Francisco MLS,510612,N,Y,37.7646171,-122.4561125
MLS Listing,,Single Family Residential,444 Sawyer St,San Francisco,CA,94134,920000,3,2.0,Visitacion Valley,1302,2748,1944,2,707,,Active,,,http://www.redfin.com/CA/San-Francisco/444-Sawyer-St-94134/home/1929227,San Francisco MLS,511576,N,Y,37.7125638,-122.4149264
MLS Listing,,Condo/Co-op,718 Long Bridge St #1401,San Francisco,CA,94158,1795000,2,2.0,Mission Bay,1218,,2016,2,1474,1162,Active,,,http://www.redfin.com/CA/San-Francisco/718-Long-Bridge-St-94158/unit-1401/home/109464678,San Francisco MLS,499036,N,Y,37.7714717,-122.3945434
MLS Listing,,Condo/Co-op,1620 Fulton St,San Francisco,CA,94117,1340000,2,1.5,North Panhandle,1319,,1900,3,1016,100,Active,,,http://www.redfin.com/CA/San-Francisco/1620-Fulton-St-94117/home/110051739,San Francisco MLS,509933,N,Y,37.7762631,-122.4436201
MLS Listing,,Single Family Residential,1760 Dolores St,San Francisco,CA,94110,2125000,2,2.0,Glen Park,,2672,1923,3,,,Active,,,http://www.redfin.com/CA/San-Francisco/1760-Dolores-St-94110/home/806246,San Francisco MLS,511538,N,Y,37.7414564,-122.42445
MLS Listing,,Single Family Residential,7 Aquavista Way,San Francisco,CA,94131,1400000,4,2.0,Midtown Terrace,1272,2426,1956,3,1101,,Active,,,http://www.redfin.com/CA/San-Francisco/7-Aquavista-Way-94131/home/1230272,San Francisco MLS,511371,N,Y,37.7515346,-122.4496653
MLS Listing,,Condo/Co-op,187 Corbett Ave,San Francisco,CA,94114,1200000,2,1.0,Corona Heights,1134,,1923,3,1058,305,Active,,,http://www.redfin.com/CA/San-Francisco/187-Corbett-Ave-94114/home/1513088,San Francisco MLS,510624,N,Y,37.7615347,-122.4424639
MLS Listing,,Condo/Co-op,5 Capp St,San Francisco,CA,94103,899000,2,1.0,Inner Mission,976,,1921,3,921,490,Active,,,http://www.redfin.com/CA/San-Francisco/5-Capp-St-94103/home/17582997,San Francisco MLS,510908,N,Y,37.7666286,-122.4186413
MLS Listing,,Single Family Residential,2 Everson St,San Francisco,CA,94131,12000000,4,6.0,Glen Park,6230,9962,1971,4,1926,,Active,,,http://www.redfin.com/CA/San-Francisco/2-Everson-St-94131/home/1875573,San Francisco MLS,511452,N,Y,37.7387528,-122.4294272
MLS Listing,,Single Family Residential,704 San Bruno Ave,SAN FRANCISCO,CA,94107,1588000,3,2.0,SAN FRANCISCO,1968,2495,1900,4,807,,Active,,,http://www.redfin.com/CA/San-Francisco/704-San-Bruno-Ave-94107/home/2027719,MLSListings,ML81824191,N,Y,37.7605004,-122.4053798
MLS Listing,,Condo/Co-op,120 Burrows St #3,San Francisco,CA,94134,698000,2,1.0,Portola,820,,1980,4,851,350,Active,,,http://www.redfin.com/CA/San-Francisco/120-Burrows-St-94134/unit-3/home/777863,San Francisco MLS,511501,N,Y,37.728905,-122.4046998
MLS Listing,,Condo/Co-op,355 1st St Unit S1905,San Francisco,CA,94105,939000,1,1.0,South Beach,691,,2004,4,1359,807,Active,,,http://www.redfin.com/CA/San-Francisco/355-1st-St-94105/unit-S1905/home/2030056,San Francisco MLS,511495,N,Y,37.7870311,-122.3936421
MLS Listing,,Condo/Co-op,75 Folsom St #1400,SAN FRANCISCO,CA,94105,2298000,2,2.0,SAN FRANCISCO,1302,,1991,4,1765,1366,Active,,,http://www.redfin.com/CA/San-Francisco/75-Folsom-St-94105/unit-1400/home/1565450,MLSListings,ML81824177,N,Y,37.7898032,-122.3897573
MLS Listing,,Multi-Family (5+ Unit),553 29th Ave,San Francisco,CA,94121,2850000,12,,Central Richmond,4636,3881,1966,4,615,,Active,,,http://www.redfin.com/CA/San-Francisco/553-29th-Ave-94121/home/610087,San Francisco MLS,511278,N,Y,37.7788618,-122.4892759
MLS Listing,,Condo/Co-op,318 Main St Unit 5J,San Francisco,CA,94105,1299000,1,1.0,South Beach,882,,2015,4,1473,1179,Active,,,http://www.redfin.com/CA/San-Francisco/318-Main-St-94105/unit-5J/home/109315308,San Francisco MLS,511474,N,Y,37.789054,-122.3917187
MLS Listing,,Condo/Co-op,260 King St #881,SAN FRANCISCO,CA,94107,665000,1,1.0,SAN FRANCISCO,665,,2004,5,1000,799,Active,,,http://www.redfin.com/CA/San-Francisco/260-King-St-94107/unit-881/home/22889674,MLSListings,ML81824145,N,Y,37.7776422,-122.3934181
MLS Listing,,Multi-Family (5+ Unit),5617 Geary Blvd,SAN FRANCISCO,CA,94121,1818000,,,SAN FRANCISCO,2667,2666,1924,5,682,,Active,,,http://www.redfin.com/CA/San-Francisco/5617-Geary-Blvd-94121/home/168621825,MLSListings,ML81824142,N,Y,37.7800197,-122.4798271
MLS Listing,,Single Family Residential,2775 Green St,San Francisco,CA,94123,9500000,5,4.5,Cow Hollow,,,1952,5,,,Active,,,http://www.redfin.com/CA/San-Francisco/2775-Green-St-94123/home/1780203,San Francisco MLS,509617,N,Y,37.7947945,-122.444667
MLS Listing,,Condo/Co-op,1817 California St Unit 2D,San Francisco,CA,94109,899000,2,1.5,Pacific Heights,814,,1960,5,1104,569,Active,,,http://www.redfin.com/CA/San-Francisco/1817-California-St-94109/unit-2D/home/1817850,San Francisco MLS,506458,N,Y,37.7899914,-122.4244811
MLS Listing,,Multi-Family (5+ Unit),190 21st Ave,San Francisco,CA,94121,3498000,7,,Lake,6045,2435,1960,5,579,,Active,,,http://www.redfin.com/CA/San-Francisco/190-21st-Ave-94121/home/1000578,San Francisco MLS,511464,N,Y,37.7842761,-122.4806231
MLS Listing,,Multi-Family (2-4 Unit),1239 1241 Scott St St,San Francisco,CA,94115,2290000,5,3.0,San Francisco County,2549,2644,1911,5,898,,Active,,,http://www.redfin.com/CA/San-Francisco/1241-Scott-St-94115/home/174014728,BAREIS,22030145,N,Y,37.7814361,-122.4376224
MLS Listing,,Condo/Co-op,1 Jennings Ct,SAN FRANCISCO,CA,94124,915000,3,2.0,SAN FRANCISCO,1567,,1995,5,584,100,Active,,,http://www.redfin.com/CA/San-Francisco/1-Jennings-Ct-94124/home/1630919,MLSListings,ML81824115,N,Y,37.717795,-122.397498
MLS Listing,,Condo/Co-op,280 Spear St Unit 12D,San Francisco,CA,94105,1495000,2,2.0,South Beach,1097,,2020,5,1363,1181,Active,,,http://www.redfin.com/CA/San-Francisco/280-Spear-St-94105/unit-12D/home/167213745,San Francisco MLS,511453,N,Y,37.7903739,-122.3913812
MLS Listing,,Condo/Co-op,201 Folsom St Unit 18B,San Francisco,CA,94105,1768888,2,2.0,South Beach,1189,,2016,5,1488,1214,Active,,,http://www.redfin.com/CA/San-Francisco/201-Folsom-St-94105/unit-18B/home/143319908,San Francisco MLS,511347,N,Y,37.7887059,-122.3922385
MLS Listing,,Single Family Residential,539 Holyoke St,San Francisco,CA,94134,1288000,5,3.0,Portola,1972,3000,1949,6,653,,Active,,,http://www.redfin.com/CA/San-Francisco/539-Holyoke-St-94134/home/1430916,San Francisco MLS,511450,N,Y,37.7246856,-122.4076365
MLS Listing,,Condo/Co-op,950 Tennessee St #227,San Francisco,CA,94107,1139000,2,2.0,Central Waterfront,973,,2020,7,1171,599,Active,,,http://www.redfin.com/CA/San-Francisco/950-Tennessee-St-94107/unit-227/home/170509425,San Francisco MLS,511434,N,Y,37.7596747,-122.3898245
MLS Listing,,Condo/Co-op,1320 Masonic Ave,San Francisco,CA,94117,2500000,3,4.0,Haight Ashbury,2000,,1906,8,1250,,Active,,,http://www.redfin.com/CA/San-Francisco/1320-Masonic-Ave-94117/home/12353024,San Francisco MLS,510925,N,Y,37.7688827,-122.4447197
MLS Listing,,Multi-Family (2-4 Unit),646-648 Madrid St,San Francisco,CA,94131,989000,4,2.0,Excelsior,1400,2495,1905,9,706,,Active,,,http://www.redfin.com/CA/San-Francisco/646-Madrid-St-94112/home/1472027,San Francisco MLS,511420,N,Y,37.7194349,-122.4348005
MLS Listing,,Condo/Co-op,601 Van Ness Ave #802,SAN FRANCISCO,CA,94102,725000,1,1.0,SAN FRANCISCO,676,,1982,9,1072,909,Active,,,http://www.redfin.com/CA/San-Francisco/601-Van-Ness-Ave-94102/unit-802/home/951854,MLSListings,ML81823996,N,Y,37.7813857,-122.4214063
MLS Listing,,Condo/Co-op,1000 Franklin St #20,San Francisco,CA,94109,599000,1,1.0,Van Ness/Civic Center,650,,1980,10,922,408,Active,,,http://www.redfin.com/CA/San-Francisco/1000-Franklin-St-94109/unit-20/home/173999870,San Francisco MLS,511391,N,Y,37.7838656,-122.422437
MLS Listing,,Condo/Co-op,300 Berry St #409,San Francisco,CA,94158,935000,2,1.0,Mission Bay,775,,2009,10,1206,592,Active,,,http://www.redfin.com/CA/San-Francisco/300-Berry-St-94158/unit-409/home/28938758,San Francisco MLS,511279,N,Y,37.7739297,-122.3962408
MLS Listing,,Condo/Co-op,1821 Stockton St #1821,San Francisco,CA,94133,1695000,3,1.5,Telegraph Hill,,,1907,10,,532,Active,,,http://www.redfin.com/CA/San-Francisco/1821-Stockton-St-94133/unit-1821/home/173998622,San Francisco MLS,509894,N,Y,37.8025869,-122.4098108
MLS Listing,,Condo/Co-op,55 Page St #320,San Francisco,CA,94102,382521,1,1.0,Hayes Valley,674,,2008,11,568,538,Active,,,http://www.redfin.com/CA/San-Francisco/55-Page-St-94102/unit-320/home/17305738,San Francisco MLS,511379,N,Y,37.7738899,-122.4218771
MLS Listing,,Single Family Residential,731 Peralta Ave,San Francisco,CA,94110,539000,0,,Bernal Heights,,2766,,11,,,Active,,,http://www.redfin.com/CA/San-Francisco/731-Peralta-Ave-94110/unit-V/home/110063855,San Francisco MLS,511366,N,Y,37.740676,-122.4085434
MLS Listing,,Single Family Residential,2337 25th St,San Francisco,CA,94107,998899,2,1.0,Potrero Hill,878,1245,1926,11,1138,,Active,,,http://www.redfin.com/CA/San-Francisco/2337-25th-St-94107/home/1751610,San Francisco MLS,510485,N,Y,37.7518383,-122.4020609
MLS Listing,,Condo/Co-op,260 King St #771,San Francisco,CA,94107,999950,2,2.0,San Francisco,987,,2004,11,1013,899,Active,,,http://www.redfin.com/CA/San-Francisco/260-King-St-94107/unit-771/home/11282437,"bridgeMLS, Bay East AOR, or Contra Costa AOR",40932514,N,Y,37.7776422,-122.3934181
MLS Listing,,Vacant Land,1230 Revere Ave,San Francisco,CA,94124,330000,,,Bayview,,2495,,12,,,Active,,,http://www.redfin.com/CA/San-Francisco/1230-Revere-Ave-94124/home/173985532,San Francisco MLS,511142,N,Y,37.7279689,-122.3831099
MLS Listing,,Single Family Residential,915 Capitol Ave,San Francisco,CA,94112,869888,2,1.0,Ingleside,875,1875,1925,12,994,,Active,,,http://www.redfin.com/CA/San-Francisco/915-Capitol-Ave-94112/home/1096009,San Francisco MLS,511283,N,Y,37.7185621,-122.4594245
MLS Listing,,Single Family Residential,285 Farallones St,San Francisco,CA,94112,1999999,2,1.0,San Francisco,2136,3125,1927,12,936,,Active,,,http://www.redfin.com/CA/San-Francisco/285-Farallones-St-94112/home/173980675,CRMLS,SW20260874,N,Y,37.713779,-122.461967
MLS Listing,,Single Family Residential,160 Lenox Way,San Francisco,CA,94127,1800000,3,2.0,West Portal,,3219,1926,12,,,Active,,,http://www.redfin.com/CA/San-Francisco/160-Lenox-Way-94127/home/1239143,San Francisco MLS,511102,N,Y,37.7415712,-122.4659745
MLS Listing,,Condo/Co-op,401 Harrison St Unit 34D,San Francisco,CA,94105,2750000,2,2.0,South Beach,1297,,2014,12,2120,1374,Active,,,http://www.redfin.com/CA/San-Francisco/401-Harrison-St-94105/unit-34D/home/105435892,San Francisco MLS,511315,N,Y,37.7864989,-122.3921487
MLS Listing,,Condo/Co-op,92 Lapidge St,San Francisco,CA,94110,1149000,2,1.0,Mission Dolores,1100,,1924,12,1045,240,Active,,,http://www.redfin.com/CA/San-Francisco/92-Lapidge-St-94110/unit-92/home/18911234,San Francisco MLS,510380,N,Y,37.7602295,-122.4223706
MLS Listing,,Condo/Co-op,260 King St #457,SAN FRANCISCO,CA,94107,1029000,1,1.0,SAN FRANCISCO,1104,,2004,14,932,899,Active,,,http://www.redfin.com/CA/San-Francisco/260-King-St-94107/unit-457/home/12331109,MLSListings,ML81823663,N,Y,37.7776422,-122.3934181
MLS Listing,,Multi-Family (2-4 Unit),250-252 18th Ave,San Francisco,CA,94121,1950000,4,4.0,Central Richmond,3440,3000,1915,15,567,,Active,,,http://www.redfin.com/CA/San-Francisco/250-18th-Ave-94121/home/607754,San Francisco MLS,511269,N,Y,37.7832848,-122.477112
MLS Listing,,Single Family Residential,3817 Folsom St,San Francisco,CA,94110,1299000,3,1.0,Bernal Heights,,1751,1923,15,,,Active,,,http://www.redfin.com/CA/San-Francisco/3817-Folsom-St-94110/unit-3817A/home/1583514,San Francisco MLS,511220,N,Y,37.7386924,-122.4131786
MLS Listing,,Condo/Co-op,25 Hattie St,San Francisco,CA,94114,988000,2,1.0,Eureka Valley/Dolore,,,1900,15,,234,Active,,,http://www.redfin.com/CA/San-Francisco/25-Hattie-St-94114/home/964428,San Francisco MLS,511170,N,Y,37.7613851,-122.4409272
MLS Listing,,Condo/Co-op,333 Main St Unit 6D,San Francisco,CA,94105,989000,1,1.0,South Beach,824,,2008,15,1200,897,Active,,,http://www.redfin.com/CA/San-Francisco/333-Main-St-94105/unit-6D/home/21966992,San Francisco MLS,511237,N,Y,37.7891307,-122.3910195
MLS Listing,,Condo/Co-op,3256 16th St #1,San Francisco,CA,94103,311185,1,1.0,Mission Dolores,753,,1983,15,413,537,Active,,,http://www.redfin.com/CA/San-Francisco/3256-16th-St-94103/unit-1/home/1960685,San Francisco MLS,511228,N,Y,37.7649786,-122.4254359
MLS Listing,,Single Family Residential,243 London St,San Francisco,CA,94112,1195000,3,1.0,Excelsior,1400,2495,1913,15,854,,Active,,,http://www.redfin.com/CA/San-Francisco/243-London-St-94112/home/1720472,San Francisco MLS,510897,N,Y,37.7251125,-122.4332144
MLS Listing,,Single Family Residential,13 Eugenia Ave,San Francisco,CA,94110,1398000,2,1.0,Bernal Heights,1148,2474,1900,15,1218,,Active,,,http://www.redfin.com/CA/San-Francisco/13-Eugenia-Ave-94110/home/1955824,San Francisco MLS,511221,N,Y,37.7421207,-122.4214415
MLS Listing,,Single Family Residential,,San Francisco,CA,94124,600000,2,1.0,Bayview,875,2500,1900,16,686,,Active,,,http://www.redfin.com/CA/San-Francisco/Undisclosed-address-94124/home/740241,San Francisco MLS,508709,N,Y,37.7280186,-122.389181
MLS Listing,,Condo/Co-op,725 Pine St #306,SAN FRANCISCO,CA,94108,495000,0,1.0,SAN FRANCISCO,354,,1920,16,1398,619,Active,,,http://www.redfin.com/CA/San-Francisco/725-Pine-St-94108/unit-306/home/17305249,MLSListings,ML81823503,N,Y,37.7910138,-122.4076967
MLS Listing,,Condo/Co-op,45 Bartlett St #812,San Francisco,CA,94110,679000,1,1.0,Inner Mission,521,,2014,16,1303,551,Active,,,http://www.redfin.com/CA/San-Francisco/45-Bartlett-St-94110/unit-812/home/109465076,San Francisco MLS,510992,N,Y,37.7559364,-122.419286
MLS Listing,,Multi-Family (2-4 Unit),1700 Funston Ave,SAN FRANCISCO,CA,94122,1988000,,,SAN FRANCISCO,2506,2156,1948,16,793,,Active,,,http://www.redfin.com/CA/San-Francisco/1700-Funston-Ave-94122/home/641613,MLSListings,ML81823463,N,Y,37.7561908,-122.46989
MLS Listing,,Condo/Co-op,1787 Alabama St,San Francisco,CA,94110,1300000,3,1.5,Bernal Heights,1100,,1909,16,1182,,Active,,,http://www.redfin.com/CA/San-Francisco/1787-Alabama-St-94110/home/28907122,San Francisco MLS,511177,N,Y,37.7444412,-122.4101812
MLS Listing,,Vacant Land,113 Warren Dr,San Francisco,CA,94131,8750000,,,Forest Knolls,,74997,,17,,,Active,,,http://www.redfin.com/CA/San-Francisco/113-Warren-Dr-94131/home/1023662,San Francisco MLS,511188,N,Y,37.7534828,-122.4578479
MLS Listing,,Single Family Residential,13 Ora Way,SAN FRANCISCO,CA,94131,2800000,4,3.0,SAN FRANCISCO,2500,2796,1968,17,1120,,Active,,,http://www.redfin.com/CA/San-Francisco/13-Ora-Way-94131/home/843049,MLSListings,ML81823417,N,Y,37.7423401,-122.4381643
MLS Listing,,Multi-Family (2-4 Unit),Alvarado St,San Francisco,CA,94110,2000000,4,3.0,San Francisco,2660,2848,1906,17,752,,Active,,,http://www.redfin.com/CA/San-Francisco/Alvarado-St-94110/home/173963627,"bridgeMLS, Bay East AOR, or Contra Costa AOR",40932151,N,Y,37.7544778,-122.4214975
MLS Listing,,Condo/Co-op,1177 California St #311,San Francisco,CA,94108,545000,0,1.0,Nob Hill,437,,1978,17,1247,932,Active,,,http://www.redfin.com/CA/San-Francisco/1177-California-St-94108/unit-311/home/1786995,San Francisco MLS,511139,N,Y,37.7910262,-122.4136476
MLS Listing,,Multi-Family (2-4 Unit),148-152 Julian Ave,San Francisco,CA,94103,1495000,6,3.0,Inner Mission,3480,1875,1907,17,430,,Active,,,http://www.redfin.com/CA/San-Francisco/148-Julian-Ave-94103/home/1686751,San Francisco MLS,510177,N,Y,37.7657864,-122.4211782
MLS Listing,,Condo/Co-op,1650 Broadway #603,San Francisco,CA,94109,1750000,2,2.0,Pacific Heights,1083,,2016,18,1616,1071,Active,,,http://www.redfin.com/CA/San-Francisco/1650-Broadway-94109/unit-603/home/144063544,San Francisco MLS,511128,N,Y,37.7959245,-122.424407
MLS Listing,,Multi-Family (2-4 Unit),116-118 Terra Vista Ave,San Francisco,CA,94115,2300000,4,2.0,Anza Vista,3124,4330,1950,18,736,,Active,,,http://www.redfin.com/CA/San-Francisco/116-Terra-Vista-Ave-94115/home/970441,San Francisco MLS,511127,N,Y,37.7815555,-122.444094
MLS Listing,,Single Family Residential,392 Bayview Cir,San Francisco,CA,94124,775000,2,2.0,Silver Terrace,1301,1831,1986,18,596,357,Active,,,http://www.redfin.com/CA/San-Francisco/392-Bayview-Cir-94124/home/1025568,San Francisco MLS,510698,N,Y,37.7332549,-122.3968391
MLS Listing,,Condo/Co-op,1688 Pine St Unit W601,San Francisco,CA,94109,1260000,2,2.0,Van Ness/Civic Center,914,,2016,18,1379,750,Active,,,http://www.redfin.com/CA/San-Francisco/1688-Pine-St-94109/unit-W601/home/109690555,San Francisco MLS,510376,N,Y,37.789553,-122.4232788
MLS Listing,,Multi-Family (5+ Unit),4500 Mission St,San Francisco,CA,94112,4988000,12,,Mission Terrace,11146,4996,1928,18,448,,Active,,,http://www.redfin.com/CA/San-Francisco/4500-Mission-St-94112/home/84246149,San Francisco MLS,510801,N,Y,37.725775,-122.434341
MLS Listing,,Condo/Co-op,458 Arlington St,San Francisco,CA,94131,1299000,3,2.0,Glen Park,1345,,1987,19,966,390,Active,,,http://www.redfin.com/CA/San-Francisco/458-Arlington-St-94131/home/28939232,San Francisco MLS,511115,N,Y,37.73558,-122.4292623
MLS Listing,,Multi-Family (2-4 Unit),1239-1241 Scott St,San Francisco,CA,94115,2290000,5,3.0,Western Addition,2549,2644,1911,19,898,,Active,,,http://www.redfin.com/CA/San-Francisco/1239-Scott-St-94115/home/1595092,San Francisco MLS,510919,N,Y,37.7814063,-122.4376627
MLS Listing,,Condo/Co-op,795 8th Ave #404,San Francisco,CA,94118,898000,2,1.0,Inner Richmond,881,,1996,19,1019,589,Active,,,http://www.redfin.com/CA/San-Francisco/795-8th-Ave-94118/unit-404/home/1818951,San Francisco MLS,510462,N,Y,37.7736382,-122.4662528
MLS Listing,,Single Family Residential,69 Tiffany Ave,San Francisco,CA,94110,1495000,2,2.0,Bernal Heights,1000,2495,1941,19,1495,,Active,,,http://www.redfin.com/CA/San-Francisco/69-Tiffany-Ave-94110/home/1397613,San Francisco MLS,511069,N,Y,37.7456484,-122.420656
MLS Listing,,Condo/Co-op,170 King St #839,San Francisco,CA,94107,798000,1,1.0,South Beach,681,,2007,19,1172,695,Active,,,http://www.redfin.com/CA/San-Francisco/170-King-St-94107/unit-839/home/17305472,San Francisco MLS,510456,N,Y,37.7789817,-122.3917515
MLS Listing,,Multi-Family (5+ Unit),1843 Bush St,San Francisco,CA,94109,3695000,11,,Lower Pacific Height,8313,5153,1900,19,444,,Active,,,http://www.redfin.com/CA/San-Francisco/1843-Bush-St-94109/home/1579241,San Francisco MLS,510890,N,Y,37.7874784,-122.4276009
MLS Listing,,Single Family Residential,626 Mississippi St,San Francisco,CA,94107,1399000,2,1.0,Potrero Hill,875,2495,1906,19,1599,,Active,,,http://www.redfin.com/CA/San-Francisco/626-Mississippi-St-94107/home/1247709,San Francisco MLS,506924,N,Y,37.75852,-122.3944936
MLS Listing,,Multi-Family (2-4 Unit),870 York St,San Francisco,CA,94110,1999999,,,San Francisco,2804,2495,1907,19,713,,Active,,,http://www.redfin.com/CA/San-Francisco/870-York-St-94110/home/2037228,"bridgeMLS, Bay East AOR, or Contra Costa AOR",40931930,N,Y,37.7581542,-122.4089764
MLS Listing,,Single Family Residential,2531 McAllister St,San Francisco,CA,94118,3195000,5,4.0,Lone Mountain,,2234,1907,19,,,Active,,,http://www.redfin.com/CA/San-Francisco/2531-McAllister-St-94118/home/1909936,San Francisco MLS,508331,N,Y,37.7753774,-122.4543427
MLS Listing,,Condo/Co-op,821 Folsom St #409,San Francisco,CA,94107,1449000,2,2.0,San Francisco,1453,,2004,20,997,755,Active,,,http://www.redfin.com/CA/San-Francisco/821-Folsom-St-94107/unit-409/home/12401634,"bridgeMLS, Bay East AOR, or Contra Costa AOR",40931885,N,Y,37.7813849,-122.4013601
MLS Listing,,Vacant Land,131 S Edgehill Way,San Francisco,CA,94127,1150000,,,Forest Hill Extension,,4329,,21,,,Active,,,http://www.redfin.com/CA/San-Francisco/131-Edgehill-Way-94127/home/143973408,San Francisco MLS,511010,N,Y,37.7433116,-122.4601045
MLS Listing,,Vacant Land,129 Edgehill Way,San Francisco,CA,94127,1100000,,,Forest Hill Extension,,4329,,21,,,Active,,,http://www.redfin.com/CA/San-Francisco/129-Edgehill-Way-94127/home/110057204,San Francisco MLS,511021,N,Y,37.7433779,-122.4600188
MLS Listing,,Condo/Co-op,259 Clara St #202,San Francisco,CA,94107,1249000,2,2.0,South of Market,1225,,2016,22,1020,566,Active,,,http://www.redfin.com/CA/San-Francisco/259-Clara-St-94107/unit-202/home/173948898,San Francisco MLS,511034,N,Y,37.7783397,-122.4034459
MLS Listing,,Single Family Residential,609 Madrid St,San Francisco,CA,94112,1148000,2,1.25,Excelsior,,,1954,22,,,Active,,,http://www.redfin.com/CA/San-Francisco/609-Madrid-St-94112/home/1045741,San Francisco MLS,511024,N,Y,37.7198103,-122.4339507
MLS Listing,,Condo/Co-op,2940 22nd St,San Francisco,CA,94110,949000,2,1.0,Inner Mission,895,,1909,22,1060,353,Active,,,http://www.redfin.com/CA/San-Francisco/2940-22nd-St-94110/home/12548749,San Francisco MLS,509748,N,Y,37.7559592,-122.4131543
MLS Listing,,Condo/Co-op,318 Main St Unit 4G,San Francisco,CA,94105,1365000,1,2.0,South Beach,1087,,2015,22,1256,1195,Active,,,http://www.redfin.com/CA/San-Francisco/318-Main-St-94105/unit-4G/home/110052282,San Francisco MLS,511015,N,Y,37.789054,-122.3917187
MLS Listing,,Condo/Co-op,1400 Mission St #1101,San Francisco,CA,94103,377583,2,2.0,South of Market,913,,2015,22,414,,Active,,,http://www.redfin.com/CA/San-Francisco/1400-Mission-St-94103/unit-1101/home/109315311,San Francisco MLS,510375,N,Y,37.7752826,-122.4164899
MLS Listing,,Condo/Co-op,50 Lucerne St #10,San Francisco,CA,94103,891000,1,1.5,South of Market,1143,,1995,22,780,666,Active,,,http://www.redfin.com/CA/San-Francisco/50-Lucerne-St-94103/unit-10/home/1862001,San Francisco MLS,510917,N,Y,37.7733215,-122.4015171
MLS Listing,,Condo/Co-op,280 Spear St Unit 19F,San Francisco,CA,94105,1195000,1,1.0,South Beach,814,,2020,22,1468,1116,Active,,,http://www.redfin.com/CA/San-Francisco/280-Spear-St-94105/unit-19F/home/173934184,San Francisco MLS,511006,N,Y,37.7903739,-122.3913812
MLS Listing,,Condo/Co-op,8200 Oceanview Ter #104,San Francisco,CA,94132,635000,1,1.0,Ingelside Height,669,,2002,22,949,609,Active,,,http://www.redfin.com/CA/San-Francisco/8200-Oceanview-Ter-94132/unit-104/home/870453,"bridgeMLS, Bay East AOR, or Contra Costa AOR",40931690,N,Y,37.7104174,-122.4677028
MLS Listing,,Condo/Co-op,1 Hawthorne St Unit 22E,San Francisco,CA,94105,1799000,2,2.0,Yerba Buena,1243,,2010,22,1447,1268,Active,,,http://www.redfin.com/CA/San-Francisco/1-Hawthorne-St-94105/unit-22E/home/40365386,San Francisco MLS,511001,N,Y,37.7857356,-122.3989521
MLS Listing,,Condo/Co-op,1260 Clay St #103,San Francisco,CA,94108,679000,1,1.0,Nob Hill,575,,1950,22,1181,575,Active,,,http://www.redfin.com/CA/San-Francisco/1260-Clay-St-94109/unit-103/home/173928332,San Francisco MLS,510891,N,Y,37.7935232,-122.4139103
MLS Listing,,Condo/Co-op,888 7th St #334,San Francisco,CA,94107,385817,1,1.0,Potrero Hill,535,,2007,22,721,385,Active,,,http://www.redfin.com/CA/San-Francisco/888-7th-St-94107/unit-334/home/17306860,San Francisco MLS,510918,N,Y,37.7703795,-122.4010623
MLS Listing,,Single Family Residential,54 Stanford Heights Ave,San Francisco,CA,94127,1399888,3,2.0,Miraloma Park,1311,2495,1959,22,1068,,Active,,,http://www.redfin.com/CA/San-Francisco/54-Stanford-Heights-Ave-94127/home/1928049,San Francisco MLS,510892,N,Y,37.7348271,-122.4497537
MLS Listing,,Single Family Residential,601 Lakeview Ave,SAN FRANCISCO,CA,94112,1099000,3,2.0,SAN FRANCISCO,1387,2225,1912,23,792,,Active,,,http://www.redfin.com/CA/San-Francisco/601-Lakeview-Ave-94112/home/1869591,MLSListings,ML81822960,N,Y,37.7181397,-122.4562999
MLS Listing,,Multi-Family (5+ Unit),2440 SE Market St SE,San Francisco,CA,94114,4985000,0,,San Francisco County,6582,2587,1925,23,757,,Active,,,http://www.redfin.com/CA/San-Francisco/2440-Market-St-94114/home/1230159,BAREIS,22029479,N,Y,37.762731,-122.435871
MLS Listing,,Single Family Residential,1840 Eddy St,San Francisco,CA,94115,3250000,5,3.5,Western Addition,3400,2151,1874,23,956,,Active,,,http://www.redfin.com/CA/San-Francisco/1840-Eddy-St-94115/home/592970,San Francisco MLS,510993,N,Y,37.7808286,-122.4387896
MLS Listing,,Multi-Family (5+ Unit),2844 21st St,San Francisco,CA,94110,3699500,20,,Inner Mission,9226,5200,1964,23,401,,Active,,,http://www.redfin.com/CA/San-Francisco/2844-21st-St-94110/home/2014159,San Francisco MLS,510823,N,Y,37.7577354,-122.4112871
MLS Listing,,Condo/Co-op,5800 3rd St #1401,San Francisco,CA,94124,680000,1,1.0,Bayview,816,,2010,23,833,432,Active,,,http://www.redfin.com/CA/San-Francisco/5800-3rd-St-94124/unit-1401/home/40625853,San Francisco MLS,510953,N,Y,37.7250528,-122.3951255
MLS Listing,,Single Family Residential,1276 Revere Ave,San Francisco,CA,94124,1099000,3,3.0,Bayview,846,3746,1924,23,1299,,Active,,,http://www.redfin.com/CA/San-Francisco/1276-Revere-Ave-94124/home/1662872,San Francisco MLS,510848,N,Y,37.7283895,-122.383972
MLS Listing,,Condo/Co-op,1310 Ridge Ct,SAN FRANCISCO,CA,94134,848000,3,2.0,SAN FRANCISCO,1200,,1990,24,707,368,Active,,,http://www.redfin.com/CA/San-Francisco/1310-Ridge-Ct-94134/home/1283109,MLSListings,ML81822846,N,Y,37.7093458,-122.4255778
MLS Listing,,Condo/Co-op,190 Albion St,San Francisco,CA,94110,1499000,3,1.0,Mission Dolores,1690,,1907,24,887,,Active,,,http://www.redfin.com/CA/San-Francisco/190-Albion-St-94110/home/1281341,San Francisco MLS,510943,N,Y,37.7634914,-122.4229317
MLS Listing,,Condo/Co-op,192 Albion St,San Francisco,CA,94110,1399000,3,1.0,Mission Dolores,1490,,1907,24,939,,Active,,,http://www.redfin.com/CA/San-Francisco/192-Albion-St-94110/home/172346396,San Francisco MLS,510944,N,Y,37.76346,-122.4228605
MLS Listing,,Condo/Co-op,5320 Diamond Heights Blvd Unit 305K,San Francisco,CA,94131,690000,1,1.0,Diamond Heights,657,,1975,24,1050,565,Active,,,http://www.redfin.com/CA/San-Francisco/5320-Diamond-Heights-Blvd-94131/unit-305K/home/170557675,San Francisco MLS,510911,N,Y,37.742772,-122.4368815
MLS Listing,,Vacant Land,1450 Marin St,San Francisco,CA,94124,2495000,,,Bayview,,14125,,24,,,Active,,,http://www.redfin.com/CA/San-Francisco/1450-Marin-St-94124/home/173919333,San Francisco MLS,510931,N,Y,37.749306,-122.3936124
MLS Listing,,Condo/Co-op,88 King St #711,San Francisco,CA,94107,1395000,2,2.0,South Beach,1242,,2000,24,1123,1142,Active,,,http://www.redfin.com/CA/San-Francisco/88-King-St-94107/unit-711/home/1641132,San Francisco MLS,510659,N,Y,37.7806302,-122.3896249
MLS Listing,,Single Family Residential,77 Santa Rosa Ave,SAN FRANCISCO,CA,94112,1400000,4,3.0,SAN FRANCISCO,1755,2495,1925,24,798,,Active,,,http://www.redfin.com/CA/San-Francisco/77-Santa-Rosa-Ave-94112/home/1549411,MLSListings,ML81822737,N,Y,37.726264,-122.43553
MLS Listing,,Condo/Co-op,300 3rd St #1002,San Francisco,CA,94107,1249000,2,2.0,Yerba Buena,1161,,1990,25,1076,864,Active,,,http://www.redfin.com/CA/San-Francisco/300-3rd-St-94107/unit-1002/home/1549777,San Francisco MLS,510665,N,Y,37.7831802,-122.3990823
MLS Listing,,Condo/Co-op,601 Van Ness Ave #843,San Francisco,CA,94102,679500,1,1.0,Van Ness/Civic Center,709,,1982,25,958,940,Active,,,http://www.redfin.com/CA/San-Francisco/601-Van-Ness-Ave-94102/unit-843/home/2033226,San Francisco MLS,510866,N,Y,37.7813857,-122.4214063
MLS Listing,,Multi-Family (2-4 Unit),23-25 Clifford Ter,San Francisco,CA,94117,5250000,,,Buena Vista Park,2820,2199,1953,25,1862,,Active,,,http://www.redfin.com/CA/San-Francisco/23-Clifford-Ter-94117/home/1023485,San Francisco MLS,508450,N,Y,37.7636772,-122.4434598
MLS Listing,,Single Family Residential,3957 Cesar Chavez St,San Francisco,CA,94131,2100000,4,2.0,Noe Valley,2104,2848,1925,25,998,,Active,,,http://www.redfin.com/CA/San-Francisco/3957-Cesar-Chavez-94131/home/1257331,San Francisco MLS,510294,N,Y,37.747372,-122.428319
MLS Listing,,Condo/Co-op,1177 California St #422,San Francisco,CA,94108,678888,1,1.0,Nob Hill,535,,1978,25,1269,1019,Active,,,http://www.redfin.com/CA/San-Francisco/1177-California-St-94108/unit-422/home/549635,San Francisco MLS,510506,N,Y,37.7910262,-122.4136476
MLS Listing,,Condo/Co-op,338 Main St Unit 4C,San Francisco,CA,94105,1668000,2,2.0,South Beach,1403,,2016,25,1189,1215,Active,,,http://www.redfin.com/CA/San-Francisco/338-Main-St-94105/unit-4C/home/109315491,San Francisco MLS,508023,N,Y,37.7886733,-122.3914178
MLS Listing,,Condo/Co-op,2177 3rd St #409,San Francisco,CA,94107,935000,1,1.0,Central Waterfront,717,,2020,26,1304,825,Active,,,http://www.redfin.com/CA/San-Francisco/2177-3rd-St-94107/unit-409/home/173902269,San Francisco MLS,510831,N,Y,37.7622702,-122.3882952
MLS Listing,,Multi-Family (2-4 Unit),509-511 Lincoln Way,San Francisco,CA,94122,1998000,,,Inner Sunset,2300,2375,1909,26,869,,Active,,,http://www.redfin.com/CA/San-Francisco/509-Lincoln-Way-94122/home/1772597,San Francisco MLS,510829,N,Y,37.7657968,-122.4634922
MLS Listing,,Condo/Co-op,2177 3rd St #602,San Francisco,CA,94107,1395000,2,2.0,Central Waterfront,981,,2020,26,1422,918,Active,,,http://www.redfin.com/CA/San-Francisco/2177-3rd-St-94107/unit-602/home/173900114,San Francisco MLS,510662,N,Y,37.7622702,-122.3882952
MLS Listing,,Single Family Residential,1083 Jamestown Ave,San Francisco,CA,94124,1098000,5,3.0,Bayview Heights,2200,2495,1965,26,499,,Active,,,http://www.redfin.com/CA/San-Francisco/1083-Jamestown-Ave-94124/home/743829,San Francisco MLS,510821,N,Y,37.7191773,-122.3952459
MLS Listing,,Condo/Co-op,235 Berry St #610,San Francisco,CA,94158,1495000,2,2.0,Mission Bay,1370,,2007,26,1091,671,Active,,,http://www.redfin.com/CA/San-Francisco/235-Berry-St-94158/unit-610/home/12402386,San Francisco MLS,509428,N,Y,37.774703,-122.3940893
MLS Listing,,Condo/Co-op,300 3rd St #505,San Francisco,CA,94107,1088000,2,2.0,Yerba Buena,1161,,1990,26,937,864,Active,,,http://www.redfin.com/CA/San-Francisco/300-3rd-St-94107/unit-505/home/1035440,San Francisco MLS,510664,N,Y,37.7831802,-122.3990823
MLS Listing,,Condo/Co-op,146 Portola Dr #302,SAN FRANCISCO,CA,94131,949000,2,2.0,SAN FRANCISCO,1543,,1929,27,615,744,Active,,,http://www.redfin.com/CA/San-Francisco/146-Portola-Dr-94131/unit-302/home/12087231,MLSListings,ML81822513,N,Y,37.748677,-122.4443131
MLS Listing,,Condo/Co-op,346 1st St #106,San Francisco,CA,94105,880000,1,1.5,South Beach,1060,,1996,28,830,575,Active,,,http://www.redfin.com/CA/San-Francisco/346-1st-St-94105/unit-106/home/1463427,San Francisco MLS,510742,N,Y,37.7865404,-122.3940339
MLS Listing,,Condo/Co-op,3430 22nd St,San Francisco,CA,94110,1499000,3,2.0,Noe Valley,,,1900,28,,300,Active,,,http://www.redfin.com/CA/San-Francisco/3430-22nd-St-94110/home/169934097,San Francisco MLS,510778,N,Y,37.7553051,-122.4238751
MLS Listing,,Condo/Co-op,2250 24th St #436,San Francisco,CA,94107,699000,1,1.0,Potrero Hill,602,,1989,28,1161,490,Active,,,http://www.redfin.com/CA/San-Francisco/2250-24th-St-94107/unit-436/home/1922476,San Francisco MLS,510771,N,Y,37.7539036,-122.4020126
MLS Listing,,Condo/Co-op,2 Fallon Pl #17,San Francisco,CA,94133,735000,0,1.0,Russian Hill,,,1980,29,,599,Active,,,http://www.redfin.com/CA/San-Francisco/2-Fallon-Pl-94133/unit-17/home/102813779,San Francisco MLS,510759,N,Y,37.7977149,-122.4133405
MLS Listing,,Multi-Family (2-4 Unit),3200-3202 Judah St,San Francisco,CA,94122,1538000,6,2.0,Outer Sunset,2250,1438,1945,29,684,,Active,,,http://www.redfin.com/CA/San-Francisco/3200-Judah-St-94122/home/1298367,San Francisco MLS,510760,N,Y,37.7609841,-122.4965134
MLS Listing,,Single Family Residential,63 Minerva St,San Francisco,CA,94112,1099900,5,3.0,San Francisco,2032,,1967,29,541,,Active,,,http://www.redfin.com/CA/San-Francisco/63-Minerva-St-94112/home/833676,SDMLS,200053282,N,Y,37.7156203,-122.4548956
MLS Listing,,Condo/Co-op,83 Duboce Ave Unit B,SAN FRANCISCO,CA,94103,325000,0,1.0,SAN FRANCISCO,423,,1981,29,768,551,Active,,,http://www.redfin.com/CA/San-Francisco/83-Duboce-Ave-94103/unit-B/home/148511187,MLSListings,ML81822278,N,Y,37.7696212,-122.4217981
MLS Listing,,Condo/Co-op,226 27th St #4,San Francisco,CA,94131,1195000,3,2.0,Noe Valley,1204,,1963,29,993,590,Active,,,http://www.redfin.com/CA/San-Francisco/226-27th-St-94131/unit-4/home/148059943,San Francisco MLS,510717,N,Y,37.747179,-122.4258216
MLS Listing,,Condo/Co-op,301 Mission St Unit 24D,San Francisco,CA,94105,924900,1,1.0,Yerba Buena,789,,2009,29,1172,1535,Active,,,http://www.redfin.com/CA/San-Francisco/301-Mission-St-94105/unit-24D/home/40138780,San Francisco MLS,510704,N,Y,37.7903824,-122.3961531
MLS Listing,,Condo/Co-op,574 Natoma St #301,San Francisco,CA,94103,251200,0,1.0,South of Market,329,,2012,29,764,332,Active,,,http://www.redfin.com/CA/San-Francisco/574-Natoma-St-94103/unit-301/home/40402193,San Francisco MLS,510603,N,Y,37.7790143,-122.4094463
MLS Listing,,Single Family Residential,3412 Market St,San Francisco,CA,94114,1998000,3,2.0,Twin Peaks,1458,2077,1904,29,1370,,Active,,,http://www.redfin.com/CA/San-Francisco/3412-Market-St-94114/home/1541697,San Francisco MLS,510686,N,Y,37.7571032,-122.4429418
MLS Listing,,Condo/Co-op,920 Harrison St #9,San Francisco,CA,94107,875000,1,1.5,South of Market,1100,,1999,29,795,651,Active,,,http://www.redfin.com/CA/San-Francisco/920-Harrison-St-94107/unit-9/home/12395887,San Francisco MLS,510716,N,Y,37.7787852,-122.40256
MLS Listing,,Condo/Co-op,4502 California St,San Francisco,CA,94118,1495000,2,2.0,Lake,1470,,1909,29,1017,478,Active,,,http://www.redfin.com/CA/San-Francisco/4502-California-St-94118/home/11920508,San Francisco MLS,510564,N,Y,37.7850517,-122.4658385
MLS Listing,,Condo/Co-op,415 De Haro St #301,San Francisco,CA,94107,1295000,1,1.0,Potrero Hill,912,,2014,29,1420,582,Active,,,http://www.redfin.com/CA/San-Francisco/415-De-Haro-St-94107/unit-301/home/53641065,San Francisco MLS,510004,N,Y,37.7645894,-122.4012637
MLS Listing,,Multi-Family (2-4 Unit),522-526 Lake St,San Francisco,CA,94118,3595000,9,4.5,Lake,5640,3000,1908,30,637,,Active,,,http://www.redfin.com/CA/San-Francisco/522-Lake-St-94118/home/1090931,San Francisco MLS,510678,N,Y,37.7868986,-122.4651893
MLS Listing,,Multi-Family (2-4 Unit),1865-1867 Chestnut St,San Francisco,CA,94123,2500000,4,5.0,Marina,2748,2996,1947,30,910,,Active,,,http://www.redfin.com/CA/San-Francisco/1865-Chestnut-St-94123/home/560027,San Francisco MLS,510655,N,Y,37.8008401,-122.4340057
MLS Listing,,Condo/Co-op,555 Golden Gate Ave #205,San Francisco,CA,94102,1049000,2,2.0,Van Ness/Civic Center,912,,2020,30,1150,632,Active,,,http://www.redfin.com/CA/San-Francisco/555-Golden-Gate-Ave-94102/unit-205/home/173864853,San Francisco MLS,510666,N,Y,37.7808655,-122.4196054
MLS Listing,,Condo/Co-op,540 Delancey St #305,San Francisco,CA,94107,798888,1,1.0,South Beach,,,1892,30,,612,Active,,,http://www.redfin.com/CA/San-Francisco/355-540-Delancey-St-94107/unit-305/home/1487329,San Francisco MLS,510650,N,Y,37.7843524,-122.391236
MLS Listing,,Condo/Co-op,555 Golden Gate Ave #201,San Francisco,CA,94102,899000,2,1.0,Van Ness/Civic Center,753,,2020,30,1194,596,Active,,,http://www.redfin.com/CA/San-Francisco/555-Golden-Gate-Ave-94102/unit-201/home/173864768,San Francisco MLS,510663,N,Y,37.7808655,-122.4196054
MLS Listing,,Condo/Co-op,555 Golden Gate Ave #204,San Francisco,CA,94102,689000,1,1.0,Van Ness/Civic Center,573,,2020,30,1202,553,Active,,,http://www.redfin.com/CA/San-Francisco/555-Golden-Gate-Ave-94102/unit-204/home/173864425,San Francisco MLS,510619,N,Y,37.7808655,-122.4196054
MLS Listing,,Condo/Co-op,195 7th St #305,San Francisco,CA,94103,405000,0,1.0,South of Market,,,1991,30,,370,Active,,,http://www.redfin.com/CA/San-Francisco/195-7th-St-94103/unit-305/home/718509,San Francisco MLS,509176,N,Y,37.7782751,-122.4094319
MLS Listing,,Condo/Co-op,631 Ofarrell St #1511,San Francisco,CA,94109,539000,0,1.0,Downtown,520,,1930,30,1037,759,Active,,,http://www.redfin.com/CA/San-Francisco/631-O-Farrell-St-94109/unit-1511/home/555943,San Francisco MLS,510541,N,Y,37.7852399,-122.4151204
MLS Listing,,Condo/Co-op,1 Stanyan St #22,San Francisco,CA,94118,1399000,2,2.0,Lone Mountain,,,2018,30,,598,Active,,,http://www.redfin.com/CA/San-Francisco/1-Stanyan-St-94118/unit-22/home/166887760,San Francisco MLS,510641,N,Y,37.7812156,-122.4563478
MLS Listing,,Condo/Co-op,1372 A Natoma St,San Francisco,CA,94103,825000,2,2.0,Inner Mission,955,,2020,30,864,350,Active,,,http://www.redfin.com/CA/San-Francisco/1372-Natoma-St-94103/home/173845080,San Francisco MLS,510637,N,Y,37.7672863,-122.4185495
MLS Listing,,Multi-Family (5+ Unit),947 Church St,San Francisco,CA,94114,2895000,6,,Eureka Valley/Dolore,3782,2517,1927,31,765,,Active,,,http://www.redfin.com/CA/San-Francisco/947-Church-St-94114/home/1004124,San Francisco MLS,510614,N,Y,37.7557572,-122.4275912
MLS Listing,,Condo/Co-op,2829 25th St #1,San Francisco,CA,94110,1249000,2,1.5,Inner Mission,1018,,,31,1227,200,Active,,,http://www.redfin.com/CA/San-Francisco/2829-25th-St-94110/unit-1/home/173178043,San Francisco MLS,510600,N,Y,37.7510579,-122.4067261
MLS Listing,,Condo/Co-op,65 Hermann St #12,San Francisco,CA,94102,995000,2,1.0,Hayes Valley,1215,,1959,31,819,456,Active,,,http://www.redfin.com/CA/San-Francisco/65-Hermann-St-94102/unit-12/home/2026487,San Francisco MLS,509995,N,Y,37.7704882,-122.426155
MLS Listing,,Single Family Residential,44 Bonview St,SAN FRANCISCO,CA,94110,1599950,4,2.0,SAN FRANCISCO,1610,1750,1971,31,994,,Active,,,http://www.redfin.com/CA/San-Francisco/44-Bonview-St-94110/home/1912080,MLSListings,ML81821948,N,Y,37.7441326,-122.4163202
MLS Listing,,Condo/Co-op,2815 Polk St #1,San Francisco,CA,94109,1595000,1,1.0,Russian Hill,1002,,2020,31,1592,650,Active,,,http://www.redfin.com/CA/San-Francisco/2815-Polk-St-94109/unit-1/home/169634833,San Francisco MLS,497259,N,Y,37.80275,-122.42341
MLS Listing,,Condo/Co-op,2815 Polk St #2,San Francisco,CA,94109,2695000,2,2.5,Russian Hill,1421,,2020,31,1897,650,Active,,,http://www.redfin.com/CA/San-Francisco/2815-Polk-St-94109/unit-2/home/169634703,San Francisco MLS,497260,N,Y,37.80275,-122.42341
MLS Listing,,Single Family Residential,2306 Geary Blvd,San Francisco,CA,94115,1595000,5,4.0,Lower Pacific Height,2050,750,1904,31,778,,Active,,,http://www.redfin.com/CA/San-Francisco/2306-Geary-Blvd-94115/home/1460465,San Francisco MLS,510509,N,Y,37.7832445,-122.4416042
MLS Listing,,Condo/Co-op,301 Mission St #1006,San Francisco,CA,94105,1500000,1,2.0,Yerba Buena,1633,,2009,31,919,2540,Active,,,http://www.redfin.com/CA/San-Francisco/301-Mission-St-94105/unit-1006/home/40142652,San Francisco MLS,510568,N,Y,37.7905431,-122.3959219
MLS Listing,,Single Family Residential,2715 Scott St,San Francisco,CA,94123,8000000,5,4.5,Pacific Heights,6490,4673,1912,32,1233,,Active,,,http://www.redfin.com/CA/San-Francisco/2715-Scott-St-94123/home/1882968,San Francisco MLS,510578,N,Y,37.7952323,-122.4404646
MLS Listing,,Condo/Co-op,333 Beale St Unit C6D,San Francisco,CA,94105,1295000,1,2.0,South Beach,1033,1033,2015,32,1254,1155,Active,,,http://www.redfin.com/CA/San-Francisco/333-Beale-St-94105/unit-C6D/home/172711255,"bridgeMLS, Bay East AOR, or Contra Costa AOR",40930753,N,Y,37.7884937,-122.3918797
MLS Listing,,Vacant Land,636 Capp St,San Francisco,CA,94110,1995000,,,Inner Mission,,4045,,32,,,Active,,,http://www.redfin.com/CA/San-Francisco/636-Capp-St-94110/unit-V/home/110058699,San Francisco MLS,510569,N,Y,37.75646,-122.418066
MLS Listing,,Condo/Co-op,75 Howard St #203,San Francisco,CA,94105,3495000,2,2.0,South Beach,1609,,,32,2172,2748,Active,,,http://www.redfin.com/CA/San-Francisco/75-Howard-St-94105/unit-203/home/173837495,San Francisco MLS,510544,N,Y,37.7915968,-122.3915948
MLS Listing,,Single Family Residential,918 Divisadero St,San Francisco,CA,94115,5250000,7,4.25,Alamo Square,5041,2500,1890,32,1041,,Active,,,http://www.redfin.com/CA/San-Francisco/918-Divisadero-St-94115/home/592801,San Francisco MLS,510445,N,Y,37.7781688,-122.4381554
MLS Listing,,Condo/Co-op,477 Roosevelt Way,San Francisco,CA,94114,1295000,2,1.0,Corona Heights,1100,,1932,32,1177,342,Active,,,http://www.redfin.com/CA/San-Francisco/477-Roosevelt-Way-94114/home/144063750,San Francisco MLS,510548,N,Y,37.7635624,-122.4427538
MLS Listing,,Condo/Co-op,1688 Pine St Unit W908,SAN FRANCISCO,CA,94109,1450000,2,2.0,SAN FRANCISCO,1068,,2016,32,1358,803,Active,,,http://www.redfin.com/CA/San-Francisco/1688-Pine-St-94109/unit-W908/home/109465026,MLSListings,ML81817028,N,Y,37.789553,-122.4232788
MLS Listing,,Condo/Co-op,588 Minna St #205,San Francisco,CA,94103,599000,1,1.0,South of Market,529,,2020,32,1132,495,Active,,,http://www.redfin.com/CA/San-Francisco/588-Minna-94103/unit-205/home/173834624,San Francisco MLS,510527,N,Y,37.7790369,-122.4101047
MLS Listing,,Multi-Family (2-4 Unit),4360 25th St,SAN FRANCISCO,CA,94114,2395000,,,SAN FRANCISCO,1870,2848,1940,32,1281,,Active,,,http://www.redfin.com/CA/San-Francisco/4360-25th-St-94114/home/916731,MLSListings,ML81821838,N,Y,37.7496855,-122.4375495
MLS Listing,,Single Family Residential,62 Carr St,San Francisco,CA,94124,399000,2,1.0,Bayview Heights,1100,2291,1923,32,363,,Active,,,http://www.redfin.com/CA/San-Francisco/62-Carr-St-94124/home/2014333,San Francisco MLS,510489,N,Y,37.7215828,-122.3972705
MLS Listing,,Condo/Co-op,1817 California St #204,San Francisco,CA,94109,885000,2,1.5,Pacific Heights,716,,1960,32,1236,518,Active,,,http://www.redfin.com/CA/San-Francisco/1817-California-St-94109/unit-204/home/1659204,San Francisco MLS,509305,N,Y,37.78956,-122.4245359
MLS Listing,,Condo/Co-op,301 Mission St Unit 19H,San Francisco,CA,94105,799000,1,1.0,Yerba Buena,666,,2009,32,1200,1544,Active,,,http://www.redfin.com/CA/San-Francisco/301-Mission-St-94105/unit-19H/home/40142437,San Francisco MLS,508578,N,Y,37.7903824,-122.3961531
MLS Listing,,Multi-Family (2-4 Unit),1785-1787 Alabama St,SAN FRANCISCO,CA,94110,2995000,,,SAN FRANCISCO,2244,1999,1909,33,1335,,Active,,,http://www.redfin.com/CA/San-Francisco/1785-Alabama-St-94110/home/2024976,MLSListings,ML81821662,N,Y,37.7444574,-122.410101
MLS Listing,,Single Family Residential,320 Dwight St,SAN FRANCISCO,CA,94134,1349000,4,3.0,SAN FRANCISCO,1946,1965,1987,33,693,,Active,,,http://www.redfin.com/CA/San-Francisco/320-Dwight-St-94134/home/1768686,MLSListings,ML81821757,N,Y,37.72333,-122.4053798
MLS Listing,,Condo/Co-op,2522 Octavia St #1,San Francisco,CA,94123,1800000,2,2.0,Pacific Heights,1434,,1900,33,1255,700,Active,,,http://www.redfin.com/CA/San-Francisco/2522-Octavia-St-94123/unit-1/home/1251647,San Francisco MLS,510442,N,Y,37.7959731,-122.4282022
MLS Listing,,Single Family Residential,1328 Wawona St,San Francisco,CA,94116,1690000,4,3.0,Parkside,2166,2962,1960,33,780,,Active,,,http://www.redfin.com/CA/San-Francisco/1328-Wawona-St-94116/home/1238849,San Francisco MLS,510056,N,Y,37.7373624,-122.4813272
MLS Listing,,Multi-Family (5+ Unit),1369-1373 Waller St,San Francisco,CA,94117,2800000,9,,Haight Ashbury,5175,2748,1903,33,541,,Active,,,http://www.redfin.com/CA/San-Francisco/1369-Waller-St-94117/home/1393223,San Francisco MLS,510458,N,Y,37.7689098,-122.4460856
MLS Listing,,Multi-Family (2-4 Unit),147-149 Caledonia St,San Francisco,CA,94103,975000,4,2.0,Mission Dolores,1824,1346,1908,34,535,,Active,,,http://www.redfin.com/CA/San-Francisco/147-Caledonia-St-94103/home/1549555,San Francisco MLS,510436,N,Y,37.765776,-122.4213509
MLS Listing,,Condo/Co-op,1160 Mission St #612,San Francisco,CA,94103,308053,1,1.0,South of Market,662,,2008,34,465,731,Active,,,http://www.redfin.com/CA/San-Francisco/1160-Mission-St-94103/unit-612/home/17305349,San Francisco MLS,510435,N,Y,37.7787037,-122.4126341
MLS Listing,,Condo/Co-op,10 Mint Plz #3,San Francisco,CA,94103,1350000,2,2.0,South of Market,1559,,2006,34,866,1571,Active,,,http://www.redfin.com/CA/San-Francisco/10-Mint-Plz-94103/unit-3/home/11743332,San Francisco MLS,510432,N,Y,37.7828831,-122.4080232
MLS Listing,,Condo/Co-op,280 Spear St Unit 15C,San Francisco,CA,94105,1650000,2,2.0,South Beach,1204,,2020,35,1370,1230,Active,,,http://www.redfin.com/CA/San-Francisco/280-Spear-St-94105/unit-15C/home/163739851,San Francisco MLS,510418,N,Y,37.7903739,-122.3913812
MLS Listing,,Condo/Co-op,431 26th Ave,SAN FRANCISCO,CA,94121,1628888,4,3.0,SAN FRANCISCO,2158,3372,2010,36,755,135,Active,,,http://www.redfin.com/CA/San-Francisco/431-26th-Ave-94121/home/45441943,MLSListings,ML81821019,N,Y,37.781332,-122.486254
MLS Listing,,Condo/Co-op,1788 Clay St #301,San Francisco,CA,94109,985000,1,1.0,Nob Hill,750,,2014,36,1313,659,Active,,,http://www.redfin.com/CA/San-Francisco/1788-Clay-St-94109/unit-301/home/110051422,San Francisco MLS,508324,N,Y,37.7925699,-122.4222498
MLS Listing,,Multi-Family (2-4 Unit),2918-2920 Sloat Blvd,San Francisco,CA,94116,1950000,6,5.0,Outer Parkside,2790,1526,1997,36,699,,Active,,,http://www.redfin.com/CA/San-Francisco/2918-Sloat-Blvd-94116/home/148074406,San Francisco MLS,510195,N,Y,37.7357117,-122.505512
MLS Listing,,Condo/Co-op,1206 Ridge Ct,San Francisco,CA,94134,768000,3,2.0,Crocker Amazon,1200,,1990,36,640,369,Active,,,http://www.redfin.com/CA/San-Francisco/1206-Ridge-Ct-94134/home/1934496,San Francisco MLS,510395,N,Y,37.7093458,-122.4255778
MLS Listing,,Condo/Co-op,2040 Franklin St #1009,San Francisco,CA,94109,1300000,2,2.0,Pacific Heights,1630,,1966,36,798,1012,Active,,,http://www.redfin.com/CA/San-Francisco/2040-Franklin-St-94109/unit-1009/home/1296489,San Francisco MLS,509985,N,Y,37.7935189,-122.4243158
MLS Listing,,Single Family Residential,2559 47th Ave,San Francisco,CA,94116,1180000,3,2.5,Outer Parkside,1300,2996,1949,38,908,,Active,,,http://www.redfin.com/CA/San-Francisco/2559-47th-Ave-94116/home/992818,San Francisco MLS,510377,N,Y,37.7387479,-122.5057299
MLS Listing,,Single Family Residential,1923 32nd Ave,San Francisco,CA,94116,1349000,7,5.0,Parkside,3375,3000,1947,38,400,,Active,,,http://www.redfin.com/CA/San-Francisco/1923-32nd-Ave-94116/home/1969801,San Francisco MLS,510355,N,Y,37.7512683,-122.4905276
MLS Listing,,Condo/Co-op,790 7th Ave #402,San Francisco,CA,94118,949000,2,2.0,Inner Richmond,1120,,1981,38,847,475,Active,,,http://www.redfin.com/CA/San-Francisco/790-7th-Ave-94118/unit-402/home/1155270,San Francisco MLS,510367,N,Y,37.7738314,-122.464604
MLS Listing,,Multi-Family (2-4 Unit),541-543 37th Ave,San Francisco,CA,94121,1695000,5,3.0,Outer Richmond,2825,3000,1912,38,600,,Active,,,http://www.redfin.com/CA/San-Francisco/541-37th-Ave-94121/home/1756556,San Francisco MLS,510361,N,Y,37.7786013,-122.4978554
MLS Listing,,Condo/Co-op,1515 Union Unit 5F,San Francisco,CA,94123,1350000,1,1.0,Cow Hollow,783,,2020,39,1724,900,Active,,,http://www.redfin.com/CA/San-Francisco/1515-Union-St-94123/unit-5F/home/173779896,San Francisco MLS,510314,N,Y,37.7983371,-122.4243729
MLS Listing,,Multi-Family (2-4 Unit),320-322 Frederick St,San Francisco,CA,94117,1800000,2,4.0,Parnassus/Ashbury Heights,2750,2750,1908,39,655,,Active,,,http://www.redfin.com/CA/San-Francisco/320-Frederick-St-94117/home/1920844,San Francisco MLS,509583,N,Y,37.7671762,-122.4486301
MLS Listing,,Multi-Family (5+ Unit),190-198 8th St,San Francisco,CA,94103,2350000,4,,South of Market,5260,4500,1920,39,447,,Active,,,http://www.redfin.com/CA/San-Francisco/190-8th-St-94103/home/173776462,San Francisco MLS,510320,N,Y,37.7762588,-122.4119816
MLS Listing,,Single Family Residential,216 Yerba Buena Ave,San Francisco,CA,94127,1625000,2,2.0,Monterey Heights,1548,3933,1927,40,1050,,Active,,,http://www.redfin.com/CA/San-Francisco/216-Yerba-Buena-Ave-94127/home/1985530,San Francisco MLS,510315,N,Y,37.7348364,-122.4603689
MLS Listing,,Single Family Residential,70 Levant St,San Francisco,CA,94114,1825000,2,2.0,Corona Heights,1273,3902,1929,40,1434,,Active,,,http://www.redfin.com/CA/San-Francisco/70-Levant-St-94114/home/1446136,San Francisco MLS,510272,N,Y,37.763892,-122.442297
MLS Listing,,Condo/Co-op,3620 Cesar Chavez St #202,San Francisco,CA,94110,1075000,2,2.0,Inner Mission,1112,,2020,40,967,562,Active,,,http://www.redfin.com/CA/San-Francisco/3620-Cesar-Chavez-94110/unit-202/home/170569913,San Francisco MLS,510296,N,Y,37.7483761,-122.4219282
MLS Listing,,Condo/Co-op,355 Bryant St #403,San Francisco,CA,94107,1498000,1,1.5,South Beach,1545,,1917,40,970,646,Active,,,http://www.redfin.com/CA/San-Francisco/355-Bryant-St-94107/unit-403/home/12396206,San Francisco MLS,509964,N,Y,37.7835506,-122.3924215
MLS Listing,,Condo/Co-op,2001 Mcallister St #224,SAN FRANCISCO,CA,94118,1180000,2,2.0,SAN FRANCISCO,1021,,2002,42,1156,811,Active,,,http://www.redfin.com/CA/San-Francisco/2001-McAllister-St-94118/unit-224/home/12399751,MLSListings,ML81821144,N,Y,37.7763812,-122.4456902
MLS Listing,,Condo/Co-op,425 1st St #901,San Francisco,CA,94105,899000,1,1.0,South Beach,837,,2008,42,1074,1089,Active,,,http://www.redfin.com/CA/San-Francisco/425-1st-St-94105/unit-901/home/17305190,San Francisco MLS,510239,N,Y,37.7860625,-122.3921764
MLS Listing,,Condo/Co-op,631 Ofarrell St #212,San Francisco,CA,94109,499000,0,1.0,Downtown,520,,1930,42,960,490,Active,,,http://www.redfin.com/CA/San-Francisco/631-O-Farrell-St-94109/unit-212/home/1425730,San Francisco MLS,509822,N,Y,37.7852399,-122.4151204
MLS Listing,,Condo/Co-op,2040 Franklin St #1407,San Francisco,CA,94109,1425000,2,2.0,Pacific Heights,1529,,1966,42,932,985,Active,,,http://www.redfin.com/CA/San-Francisco/2040-Franklin-St-94109/unit-1407/home/1180717,San Francisco MLS,508828,N,Y,37.7935189,-122.4243158
MLS Listing,,Multi-Family (5+ Unit),932 Cabrillo St,San Francisco,CA,94118,3250000,6,,Inner Richmond,5355,2600,1927,42,607,,Active,,,http://www.redfin.com/CA/San-Francisco/932-Cabrillo-St-94118/home/971184,San Francisco MLS,500014,N,Y,37.7753437,-122.4688005
MLS Listing,,Single Family Residential,666 Geneva Ave,San Francisco,CA,94112,1180000,4,2.5,Outer Mission,1522,1703,1930,43,775,,Active,,,http://www.redfin.com/CA/San-Francisco/666-Geneva-Ave-94112/home/996801,San Francisco MLS,510217,N,Y,37.7191593,-122.444302
MLS Listing,,Condo/Co-op,207 King St #405,San Francisco,CA,94107,799000,1,1.0,Mission Bay,684,,2003,43,1168,651,Active,,,http://www.redfin.com/CA/San-Francisco/207-King-St-94107/unit-405/home/2068521,San Francisco MLS,508642,N,Y,37.7775275,-122.3916855
MLS Listing,,Townhouse,517 29th St,San Francisco,CA,94131,2699000,3,2.5,Noe Valley,1993,,1999,43,1354,250,Active,,,http://www.redfin.com/CA/San-Francisco/517-29th-St-94131/home/1914101,San Francisco MLS,510167,N,Y,37.7432682,-122.4315925
MLS Listing,,Condo/Co-op,150 Lombard St Unit 208B,San Francisco,CA,94111,1095000,2,2.0,North Waterfront,1197,,1975,43,915,1088,Active,,,http://www.redfin.com/CA/San-Francisco/150-Lombard-St-94111/unit-208B/home/542050,San Francisco MLS,510178,N,Y,37.8042666,-122.4041707
MLS Listing,,Condo/Co-op,85 Uranus Ter,San Francisco,CA,94114,1800000,3,1.5,Corona Heights,,,1908,43,,250,Active,,,http://www.redfin.com/CA/San-Francisco/85-Uranus-Ter-94114/unit-9/home/1604239,San Francisco MLS,510182,N,Y,37.7608153,-122.4451535
MLS Listing,,Condo/Co-op,177 17th Ave,San Francisco,CA,94121,2295000,3,3.0,Lake,2142,,1914,43,1071,508,Active,,,http://www.redfin.com/CA/San-Francisco/177-17th-Ave-94121/home/12354266,San Francisco MLS,509533,N,Y,37.7846753,-122.476798
MLS Listing,,Condo/Co-op,888 7th St #245,San Francisco,CA,94107,315732,0,1.0,Potrero Hill,499,,2007,43,633,287,Active,,,http://www.redfin.com/CA/San-Francisco/888-7th-St-94107/unit-245/home/17306245,San Francisco MLS,510174,N,Y,37.7703795,-122.4010623
MLS Listing,,Single Family Residential,339 Diamond St,San Francisco,CA,94114,1899000,2,1.0,Eureka Valley/Dolore,1150,3125,1907,43,1651,,Active,,,http://www.redfin.com/CA/San-Francisco/339-Diamond-St-94114/home/1927852,San Francisco MLS,510151,N,Y,37.756914,-122.4366603
MLS Listing,,Condo/Co-op,400 Grove St #101,San Francisco,CA,94102,424547,1,1.0,Hayes Valley,485,,2015,44,875,688,Active,,,http://www.redfin.com/CA/San-Francisco/400-Grove-St-94102/unit-101/home/109315410,San Francisco MLS,509958,N,Y,37.7780007,-122.4235343
MLS Listing,,Single Family Residential,8027 Geary Blvd,San Francisco,CA,94121,3250000,4,5.5,Outer Richmond,4348,,1930,44,747,,Active,,,http://www.redfin.com/CA/San-Francisco/8027-Geary-Blvd-94121/home/2023782,San Francisco MLS,510096,N,Y,37.7788272,-122.5056382
MLS Listing,,Single Family Residential,3150 Buchanan St,San Francisco,CA,94123,4500000,4,3.5,Cow Hollow,3137,2304,2013,45,1434,,Active,,,http://www.redfin.com/CA/San-Francisco/3150-Buchanan-St-94123/home/1968499,San Francisco MLS,510104,N,Y,37.7991314,-122.4323249
MLS Listing,,Condo/Co-op,708 Long Bridge St #1411,San Francisco,CA,94158,1495000,2,2.0,Mission Bay,,,2016,45,,1110,Active,,,http://www.redfin.com/CA/San-Francisco/708-Long-Bridge-St-94158/unit-1411/home/109315469,San Francisco MLS,509890,N,Y,37.7720304,-122.3935768
MLS Listing,,Condo/Co-op,23 Hancock St,San Francisco,CA,94114,1150000,2,1.0,Eureka Valley/Dolore,992,,1907,45,1159,,Active,,,http://www.redfin.com/CA/San-Francisco/23-Hancock-St-94114/home/1086571,San Francisco MLS,510097,N,Y,37.76021,-122.428874
MLS Listing,,Single Family Residential,281 Madison St,San Francisco,CA,94134,1099000,3,2.0,Portola,1300,2374,1936,45,845,,Active,,,http://www.redfin.com/CA/San-Francisco/281-Madison-St-94134/home/897566,San Francisco MLS,509789,N,Y,37.7256989,-122.422249
MLS Listing,,Multi-Family (2-4 Unit),248-250 Granada Ave,San Francisco,CA,94112,1400000,3,3.0,Ingleside,2060,2809,1910,45,680,,Active,,,http://www.redfin.com/CA/San-Francisco/248-Granada-Ave-94112/home/814233,San Francisco MLS,510074,N,Y,37.7229219,-122.45685
MLS Listing,,Condo/Co-op,200 Brannan St #330,San Francisco,CA,94107,1850000,2,2.0,South Beach,1892,,2004,45,978,910,Active,,,http://www.redfin.com/CA/San-Francisco/200-Brannan-St-94107/unit-330/home/879002,San Francisco MLS,509543,N,Y,37.7836002,-122.3907074
MLS Listing,,Multi-Family (2-4 Unit),1534-1538 Grant Ave,San Francisco,CA,94133,2500000,6,2.0,Telegraph Hill,3240,1200,1906,46,772,,Active,,,http://www.redfin.com/CA/San-Francisco/1534-Grant-Ave-94133/home/1311791,San Francisco MLS,507965,N,Y,37.8012098,-122.4075168
MLS Listing,,Multi-Family (2-4 Unit),1366-1368 San Bruno Ave,San Francisco,CA,94110,1895000,,,Inner Mission,,2500,1905,46,,,Active,,,http://www.redfin.com/CA/San-Francisco/1366-San-Bruno-Ave-94110/home/736073,San Francisco MLS,510035,N,Y,37.7522449,-122.4044947
MLS Listing,,Single Family Residential,1436 Kearny St,San Francisco,CA,94133,2700000,1,2.0,Telegraph Hill,1484,5497,1908,46,1819,,Active,,,http://www.redfin.com/CA/San-Francisco/1436-Kearny-St-94133/home/1649533,San Francisco MLS,509711,N,Y,37.8013617,-122.406026
MLS Listing,,Multi-Family (2-4 Unit),3471-3475 Mission St,San Francisco,CA,94110,2100000,6,3.0,Bernal Heights,4125,2713,1907,46,509,,Active,,,http://www.redfin.com/CA/San-Francisco/3471-Mission-St-94110/home/760344,San Francisco MLS,509710,N,Y,37.7412027,-122.4223421
MLS Listing,,Multi-Family (5+ Unit),371-381 San Jose Ave,San Francisco,CA,94110,3700000,10,,Noe Valley,6525,3149,1910,46,567,,Active,,,http://www.redfin.com/CA/San-Francisco/371-San-Jose-Ave-94110/home/1095537,San Francisco MLS,510001,N,Y,37.7492779,-122.4210527
MLS Listing,,Multi-Family (5+ Unit),383-391 San Jose Ave,San Francisco,CA,94110,3900000,7,,Noe Valley,6525,3149,1910,46,598,,Active,,,http://www.redfin.com/CA/San-Francisco/383-San-Jose-Ave-94110/home/1961689,San Francisco MLS,510002,N,Y,37.7491821,-122.4210435
MLS Listing,,Condo/Co-op,1029 Treat Ave,San Francisco,CA,94110,1750000,3,1.5,Inner Mission,1721,,1903,46,1017,369,Active,,,http://www.redfin.com/CA/San-Francisco/1029-Treat-Ave-94110/home/148061353,San Francisco MLS,510007,N,Y,37.7536443,-122.4129901
MLS Listing,,Condo/Co-op,1301 Fulton St #209,San Francisco,CA,94117,1200000,2,2.0,North Panhandle,1193,,1987,46,1006,611,Active,,,http://www.redfin.com/CA/San-Francisco/1301-Fulton-St-94117/unit-209/home/1427069,San Francisco MLS,509080,N,Y,37.776528,-122.4384996
MLS Listing,,Single Family Residential,3439 Fillmore St,San Francisco,CA,94123,6000000,6,7.0,Marina,4921,2495,1936,47,1219,,Active,,,http://www.redfin.com/CA/San-Francisco/3439-Fillmore-St-94123/home/172489009,San Francisco MLS,510012,N,Y,37.8013055,-122.4368616
MLS Listing,,Multi-Family (2-4 Unit),672 Hampshire St,SAN FRANCISCO,CA,94110,1500000,,,SAN FRANCISCO,2480,2495,1900,47,605,,Active,,,http://www.redfin.com/CA/San-Francisco/672-Hampshire-St-94110/home/1885093,MLSListings,ML81820503,N,Y,37.7609084,-122.4084077
MLS Listing,,Multi-Family (2-4 Unit),1490 20th Ave,San Francisco,CA,94122,2610000,10,6.0,Central Sunset,3590,2374,1988,47,727,,Active,,,http://www.redfin.com/CA/San-Francisco/1490-20th-Ave-94122/home/2000080,San Francisco MLS,509749,N,Y,37.7600257,-122.477782
MLS Listing,,Condo/Co-op,1125 20th St,San Francisco,CA,94107,1145000,3,2.0,Potrero Hill,1287,,1984,47,890,258,Active,,,http://www.redfin.com/CA/San-Francisco/1125-20th-St-94107/home/1447397,San Francisco MLS,509968,N,Y,37.7601208,-122.3929306
MLS Listing,,Single Family Residential,1714 Lake St,San Francisco,CA,94121,3895000,5,8.0,Lake,4485,3000,1926,47,868,,Active,,,http://www.redfin.com/CA/San-Francisco/1714-Lake-St-94121/home/1618770,San Francisco MLS,508316,N,Y,37.7862944,-122.4780583
MLS Listing,,Condo/Co-op,1299 Bush St #604,SAN FRANCISCO,CA,94109,698888,1,1.0,SAN FRANCISCO,602,5170,2009,48,1161,826,Active,,,http://www.redfin.com/CA/San-Francisco/1299-Bush-St-94109/unit-604/home/28939030,MLSListings,ML81820409,N,Y,37.7887088,-122.418398
MLS Listing,,Condo/Co-op,451 Kansas St #402,San Francisco,CA,94107,399233,1,1.0,Potrero Hill,656,,2007,48,609,533,Active,,,http://www.redfin.com/CA/San-Francisco/451-Kansas-St-94107/unit-402/home/23424292,San Francisco MLS,509944,N,Y,37.764113,-122.4029865
MLS Listing,,Single Family Residential,649 Moultrie St,San Francisco,CA,94110,1498000,3,2.5,Bernal Heights,1575,1750,1907,48,951,,Active,,,http://www.redfin.com/CA/San-Francisco/649-Moultrie-St-94110/home/1455829,San Francisco MLS,506038,N,Y,37.7365407,-122.4158777
MLS Listing,,Condo/Co-op,280 Spear St Unit 3Q,San Francisco,CA,94105,775000,1,1.0,South Beach,638,,2020,48,1215,1078,Active,,,http://www.redfin.com/CA/San-Francisco/280-Spear-St-94105/unit-3Q/home/169041697,San Francisco MLS,509940,N,Y,37.7903739,-122.3913812
MLS Listing,,Single Family Residential,148 Bonview St,San Francisco,CA,94110,2495000,4,3.0,Bernal Heights,1999,1746,1959,48,1248,,Active,,,http://www.redfin.com/CA/San-Francisco/148-Bonview-St-94110/home/1025780,San Francisco MLS,509936,N,Y,37.7420233,-122.4176697
MLS Listing,,Single Family Residential,1527 Sutter St,San Francisco,CA,94109,4478000,4,3.5,San Francisco County,3435,3437,1900,49,1304,,Active,,,http://www.redfin.com/CA/San-Francisco/1527-Sutter-St-94109/home/2023401,BAREIS,22027787,N,Y,37.7867738,-122.4262688
MLS Listing,,Condo/Co-op,355 Bryant St #302,SAN FRANCISCO,CA,94107,938000,1,1.0,SAN FRANCISCO,1271,,1917,49,738,627,Active,,,http://www.redfin.com/CA/San-Francisco/355-Bryant-St-94107/unit-302/home/12395973,MLSListings,ML81819139,N,Y,37.7835506,-122.3924215
MLS Listing,,Condo/Co-op,240 Lombard St #325,San Francisco,CA,94111,588000,1,1.0,North Waterfront,580,,1992,49,1014,955,Active,,,http://www.redfin.com/CA/San-Francisco/240-Lombard-St-94111/unit-325/home/542287,San Francisco MLS,509223,N,Y,37.8042439,-122.4055041
MLS Listing,,Single Family Residential,36 Lois Ln,San Francisco,CA,94134,1199000,4,3.0,Little Hollywood,1850,1343,1997,49,648,,Active,,,http://www.redfin.com/CA/San-Francisco/36-Lois-Ln-94134/home/1510698,San Francisco MLS,508931,N,Y,37.7135071,-122.3987862
MLS Listing,,Condo/Co-op,1377 Post St #306,San Francisco,CA,94109,1199999,2,3.0,San Francisco,1448,25061,1993,50,829,1582,Active,,,http://www.redfin.com/CA/San-Francisco/1377-Post-St-94109/unit-306/home/1771283,CRMLS,OC20239756,N,Y,37.7858964,-122.4244491
MLS Listing,,Condo/Co-op,725 Florida St #7,San Francisco,CA,94110,918000,1,1.5,Inner Mission,1049,,2000,50,875,633,Active,,,http://www.redfin.com/CA/San-Francisco/725-Florida-St-94110/unit-7/home/173703788,San Francisco MLS,509731,N,Y,37.759939,-122.410576
MLS Listing,,Condo/Co-op,432 Jersey St,San Francisco,CA,94114,1199000,2,1.0,Noe Valley,1003,,1900,50,1195,200,Active,,,http://www.redfin.com/CA/San-Francisco/432-Jersey-St-94114/home/21965572,San Francisco MLS,509864,N,Y,37.7506265,-122.4352449
MLS Listing,,Condo/Co-op,1356 Grove St,San Francisco,CA,94117,1685000,3,1.5,North Panhandle,1619,,1900,50,1041,300,Active,,,http://www.redfin.com/CA/San-Francisco/1356-Grove-St-94117/home/1332315,San Francisco MLS,508431,N,Y,37.7760201,-122.4389599
MLS Listing,,Condo/Co-op,329 E Bay St #402,San Francisco,CA,94133,725000,1,1.0,North Beach,659,,2007,50,1100,537,Active,,,http://www.redfin.com/CA/San-Francisco/329-Bay-St-94133/unit-402/home/21967168,San Francisco MLS,509889,N,Y,37.8054765,-122.4126529
MLS Listing,,Condo/Co-op,74 New Montgomery St #212,SAN FRANCISCO,CA,94105,615000,0,1.0,SAN FRANCISCO,491,,1914,50,1253,842,Active,,,http://www.redfin.com/CA/San-Francisco/74-New-Montgomery-St-94105/unit-212/home/17306087,MLSListings,ML81820238,N,Y,37.7874578,-122.4013098
MLS Listing,,Condo/Co-op,8 Colonial Way #1,San Francisco,CA,94112,1200000,4,3.0,Mission Terrace,1880,,2003,50,638,681,Active,,,http://www.redfin.com/CA/San-Francisco/8-Colonial-Way-94112/unit-1/home/988249,San Francisco MLS,509510,N,Y,37.7286949,-122.4406005
MLS Listing,,Townhouse,170 Summit Way,San Francisco,CA,94132,1249000,3,2.0,Stonestown,1547,,2015,50,807,237,Active,,,http://www.redfin.com/CA/San-Francisco/170-Summit-Way-94132/home/109687147,San Francisco MLS,509527,N,Y,37.7155856,-122.4761069
MLS Listing,,Condo/Co-op,2177 3rd St #314,San Francisco,CA,94107,1445000,2,2.0,Central Waterfront,1002,,2020,50,1442,941,Active,,,http://www.redfin.com/CA/San-Francisco/2177-3rd-St-94107/unit-314/home/173701566,San Francisco MLS,509883,N,Y,37.7622702,-122.3882952
MLS Listing,,Condo/Co-op,2177 3rd St #208,San Francisco,CA,94107,879000,1,1.0,Central Waterfront,691,,2020,50,1272,802,Active,,,http://www.redfin.com/CA/San-Francisco/2177-3rd-St-94107/unit-208/home/173701565,San Francisco MLS,509881,N,Y,37.7622702,-122.3882952
MLS Listing,,Single Family Residential,643 40th Ave,San Francisco,CA,94121,1995000,3,1.5,Outer Richmond,,3000,1924,50,,,Active,,,http://www.redfin.com/CA/San-Francisco/643-40th-Ave-94121/home/1717456,San Francisco MLS,509854,N,Y,37.7765944,-122.5008291
MLS Listing,,Condo/Co-op,1155 Leavenworth St #3,San Francisco,CA,94109,420000,0,1.0,Nob Hill,330,,1911,50,1273,365,Active,,,http://www.redfin.com/CA/San-Francisco/1155-Leavenworth-St-94109/unit-3/home/173700194,San Francisco MLS,508555,N,Y,37.7919759,-122.4161542
MLS Listing,,Condo/Co-op,260 King St #483,San Francisco,CA,94107,639000,0,1.0,Mission Bay,550,,2004,50,1162,799,Active,,,http://www.redfin.com/CA/San-Francisco/260-King-St-94107/unit-483/home/8191044,San Francisco MLS,509871,N,Y,37.7776422,-122.3934181
MLS Listing,,Single Family Residential,1758 Great Hwy,San Francisco,CA,94122,1400000,2,1.0,Outer Sunset,,2513,1946,50,,,Active,,,http://www.redfin.com/CA/San-Francisco/1758-Great-Hwy-94122/home/640579,San Francisco MLS,509856,N,Y,37.7535889,-122.5083446
MLS Listing,,Single Family Residential,736 London St,San Francisco,CA,94112,1050000,3,2.0,Excelsior,1218,2500,1923,50,862,,Active,,,http://www.redfin.com/CA/San-Francisco/736-London-St-94112/home/947694,San Francisco MLS,509722,N,Y,37.7176935,-122.4393683
MLS Listing,,Multi-Family (2-4 Unit),5575 Mission St,San Francisco,CA,94112,1289000,4,2.0,Crocker Amazon,1806,1305,1990,51,714,,Active,,,http://www.redfin.com/CA/San-Francisco/5575-Mission-St-94112/home/1551192,San Francisco MLS,509820,N,Y,37.7115704,-122.4457839
MLS Listing,,Single Family Residential,2502 Broadway St,San Francisco,CA,94115,14590000,5,5.0,Pacific Heights,5836,2500,1906,51,2500,,Active,,,http://www.redfin.com/CA/San-Francisco/2502-Broadway-94123/home/564353,San Francisco MLS,509698,N,Y,37.794069,-122.4385625
MLS Listing,,Single Family Residential,4429 Kirkham St,San Francisco,CA,94122,795000,1,1.0,Outer Sunset,609,,1906,51,1305,,Active,,,http://www.redfin.com/CA/San-Francisco/4429-Kirkham-St-94122/home/861323,San Francisco MLS,509806,N,Y,37.758244,-122.50851
MLS Listing,,Single Family Residential,4220 21st St,San Francisco,CA,94114,1449000,1,1.0,Eureka Valley/Dolore,,1321,1922,51,,,Active,,,http://www.redfin.com/CA/San-Francisco/4220-21st-St-94114/home/889965,San Francisco MLS,509532,N,Y,37.7556282,-122.4381858
MLS Listing,,Condo/Co-op,2448 Lombard St #402,San Francisco,CA,94123,1470000,2,2.0,Marina,968,,2020,51,1519,649,Active,,,http://www.redfin.com/CA/San-Francisco/2448-Lombard-St-94123/unit-402/home/173686978,San Francisco MLS,509799,N,Y,37.7993402,-122.4419772
MLS Listing,,Condo/Co-op,8 Jordan Ave #9,San Francisco,CA,94118,1195000,2,2.0,Jordan Park/Laurel Heights,1437,,1920,51,832,545,Active,,,http://www.redfin.com/CA/San-Francisco/8-Jordan-Ave-94118/unit-9/home/17318103,San Francisco MLS,509802,N,Y,37.7857924,-122.4566401
MLS Listing,,Condo/Co-op,965 Alvarado St #5,San Francisco,CA,94114,675000,1,1.0,Noe Valley,531,,1959,51,1271,400,Active,,,http://www.redfin.com/CA/San-Francisco/965-Alvarado-St-94114/unit-5/home/170558164,San Francisco MLS,509798,N,Y,37.7530133,-122.4418359
MLS Listing,,Multi-Family (2-4 Unit),3830 Mission St,San Francisco,CA,94110,1099000,,,Bernal Heights,2462,3005,1921,51,446,,Active,,,http://www.redfin.com/CA/San-Francisco/3830-Mission-St-94110/home/144983341,San Francisco MLS,508540,N,Y,37.735518,-122.424993
MLS Listing,,Vacant Land,1251 Thomas Ave,San Francisco,CA,94124,1995000,,,Bayview,,9600,,51,,,Active,,,http://www.redfin.com/CA/San-Francisco/1251-Thomas-Ave-94124/home/173681530,San Francisco MLS,509729,N,Y,37.7263499,-122.384958
MLS Listing,,Single Family Residential,3369 Cesar Chavez,San Francisco,CA,94110,1100000,2,2.0,Bernal Heights,,2866,1908,51,,,Active,,,http://www.redfin.com/CA/San-Francisco/3369-Cesar-Chavez-94110/home/1055270,San Francisco MLS,504158,N,Y,37.7479226,-122.417559
MLS Listing,,Single Family Residential,27 Urbano Dr,San Francisco,CA,94127,1870000,3,2.0,San Francisco County,2114,11452,1914,52,885,,Active,,,http://www.redfin.com/CA/San-Francisco/27-Urbano-Dr-94127/home/1249266,BAREIS,22027570,N,Y,37.7247058,-122.4636416
MLS Listing,,Condo/Co-op,74 New Montgomery St #804,San Francisco,CA,94105,3250000,2,2.0,Yerba Buena,1671,,1914,52,1945,1156,Active,,,http://www.redfin.com/CA/San-Francisco/74-New-Montgomery-St-94105/unit-804/home/17305028,San Francisco MLS,509755,N,Y,37.7874578,-122.4013098
MLS Listing,,Vacant Land,1460-62 Pine,San Francisco,CA,94109,13000000,,,Downtown,,13750,,52,,,Active,,,http://www.redfin.com/CA/San-Francisco/1460-Pine-St-94109/home/173675002,San Francisco MLS,509745,N,Y,37.7900281,-122.4198088
MLS Listing,,Condo/Co-op,257 Clinton Park,San Francisco,CA,94103,1195000,2,1.0,Mission Dolores,1152,,,52,1037,150,Active,,,http://www.redfin.com/CA/San-Francisco/257-Clinton-Park-94103/home/12277209,San Francisco MLS,508624,N,Y,37.7689004,-122.425739
MLS Listing,,Condo/Co-op,1483 Sutter St #404,San Francisco,CA,94109,1282500,2,2.0,Van Ness/Civic Center,1316,,1993,53,975,869,Active,,,http://www.redfin.com/CA/San-Francisco/1483-Sutter-St-94109/unit-404/home/1288174,San Francisco MLS,507657,N,Y,37.7867158,-122.4242025
MLS Listing,,Single Family Residential,40 Farallones St,San Francisco,CA,94112-3006,979000,2,1.0,San Francisco,870,3563,1925,53,1125,,Active,,,http://www.redfin.com/CA/San-Francisco/40-Farallones-St-94112/home/1632393,"bridgeMLS, Bay East AOR, or Contra Costa AOR",40928760,N,Y,37.7142363,-122.4537345
MLS Listing,,Single Family Residential,1088 Rhode Island St,SAN FRANCISCO,CA,94107,1795000,3,3.0,SAN FRANCISCO,1790,2495,1912,53,1003,,Active,,,http://www.redfin.com/CA/San-Francisco/1088-Rhode-Island-St-94107/home/1213143,MLSListings,ML81819034,N,Y,37.7559558,-122.4019614
MLS Listing,,Condo/Co-op,1070 Green St #802,San Francisco,CA,94133,1950000,2,2.0,Russian Hill,1660,,1961,53,1175,2204,Active,,,http://www.redfin.com/CA/San-Francisco/1070-Green-St-94133/unit-802/home/1529126,San Francisco MLS,509695,N,Y,37.7987901,-122.4167988
MLS Listing,,Condo/Co-op,1731 Powell #204,San Francisco,CA,94134,2575000,3,2.0,North Beach,1772,,2018,53,1453,1043,Active,,,http://www.redfin.com/CA/San-Francisco/1731-Powell-St-94133/unit-204/home/148698580,San Francisco MLS,508571,N,Y,37.8006922,-122.4112871
MLS Listing,,Condo/Co-op,1288 23rd Ave,San Francisco,CA,94122,998000,5,4.0,Central Sunset,2268,,2004,53,440,,Active,,,http://www.redfin.com/CA/San-Francisco/1288-23rd-Ave-94122/home/1919079,San Francisco MLS,509618,N,Y,37.7635976,-122.4811512
MLS Listing,,Single Family Residential,937 S Van Ness Ave,SAN FRANCISCO,CA,94110,3480000,6,3.0,SAN FRANCISCO,2281,3375,1875,53,1526,,Active,,,http://www.redfin.com/CA/San-Francisco/937-S-Van-Ness-Ave-94110/home/714370,MLSListings,ML81819712,N,Y,37.758163,-122.4166188
MLS Listing,,Single Family Residential,389 27th St,San Francisco,CA,94131,3750000,3,3.5,Noe Valley,2930,2468,1900,53,1280,,Active,,,http://www.redfin.com/CA/San-Francisco/389-27th-St-94131/home/1663945,San Francisco MLS,509482,N,Y,37.7466178,-122.428745
MLS Listing,,Condo/Co-op,631 Folsom St Unit 15B,San Francisco,CA,94107,1298000,2,2.0,Yerba Buena,,,2009,53,,995,Active,,,http://www.redfin.com/CA/San-Francisco/631-Folsom-St-94107/unit-15B/home/21966085,San Francisco MLS,509663,N,Y,37.7847302,-122.3968612
MLS Listing,,Condo/Co-op,1155 Pine St #10,San Francisco,CA,94109,675000,1,1.0,Downtown,,,1913,53,,459,Active,,,http://www.redfin.com/CA/San-Francisco/1155-Pine-St-94109/unit-10/home/961026,San Francisco MLS,509394,N,Y,37.7900583,-122.414851
MLS Listing,,Condo/Co-op,801 Indiana St #362,San Francisco,CA,94107,1399000,2,2.5,Central Waterfront,1230,,2009,53,1137,579,Active,,,http://www.redfin.com/CA/San-Francisco/801-Indiana-St-94107/unit-362/home/40142864,San Francisco MLS,509401,N,Y,37.7596716,-122.3908629
MLS Listing,,Multi-Family (2-4 Unit),1318-1320 Masonic Ave,San Francisco,CA,94117,5500000,,,Haight Ashbury,5000,2835,1906,53,1100,,Active,,,http://www.redfin.com/CA/San-Francisco/1318-Masonic-Ave-94117/home/110051615,San Francisco MLS,509680,N,Y,37.768883,-122.44472
MLS Listing,,Multi-Family (2-4 Unit),1128 Irving St,San Francisco,CA,94122,2200000,,,Inner Sunset,3897,2495,1908,54,565,,Active,,,http://www.redfin.com/CA/San-Francisco/1128-Irving-St-94122/home/173647497,San Francisco MLS,509645,N,Y,37.7640929,-122.470068
MLS Listing,,Condo/Co-op,1 Daniel Burnham Ct #920,San Francisco,CA,94109,599000,0,1.0,Van Ness/Civic Center,586,,1988,54,1022,649,Active,,,http://www.redfin.com/CA/San-Francisco/1-Daniel-Burnham-Ct-94109/unit-920/home/573814,San Francisco MLS,509641,N,Y,37.7867552,-122.4224907
MLS Listing,,Condo/Co-op,1101 Green St #401,San Francisco,CA,94109,1150000,2,1.0,Russian Hill,919,,1930,54,1251,1489,Active,,,http://www.redfin.com/CA/San-Francisco/1101-Green-St-94109/unit-401/home/1707073,San Francisco MLS,509295,N,Y,37.7982344,-122.417394
MLS Listing,,Single Family Residential,368 Diamond St,San Francisco,CA,94114,5750000,4,6.0,Eureka Valley/Dolore,3872,3125,1905,54,1485,,Active,,,http://www.redfin.com/CA/San-Francisco/368-Diamond-St-94114/home/1975833,San Francisco MLS,501965,N,Y,37.7564701,-122.4370142
MLS Listing,,Single Family Residential,123 Gambier St,San Francisco,CA,94134,1179950,3,2.0,Portola,1250,2996,1931,55,944,,Active,,,http://www.redfin.com/CA/San-Francisco/123-Gambier-St-94134/home/1455957,San Francisco MLS,509592,N,Y,37.7277538,-122.4220167
MLS Listing,,Condo/Co-op,1611 Birchwood Ct,SAN FRANCISCO,CA,94134,795000,3,2.0,SAN FRANCISCO,1200,,1990,56,663,368,Active,,,http://www.redfin.com/CA/San-Francisco/1611-Birchwood-Ct-94134/home/1755443,MLSListings,ML81819412,N,Y,37.70818,-122.425708
MLS Listing,,Condo/Co-op,1030 Bush St #6,San Francisco,CA,94109,1295000,3,2.0,Downtown,1600,,1920,56,809,625,Active,,,http://www.redfin.com/CA/San-Francisco/1030-Bush-St-94109/unit-6/home/1078471,San Francisco MLS,509517,N,Y,37.7896914,-122.4143175
MLS Listing,,Single Family Residential,4068 Folsom St,San Francisco,CA,94110,2295000,3,3.5,Bernal Heights,,1750,1944,56,,,Active,,,http://www.redfin.com/CA/San-Francisco/4068-Folsom-St-94110/home/1362518,San Francisco MLS,508392,N,Y,37.736225,-122.4137539
MLS Listing,,Condo/Co-op,10 Dearborn St,San Francisco,CA,94110,868000,2,1.0,Mission Dolores,781,,1906,56,1111,396,Active,,,http://www.redfin.com/CA/San-Francisco/10-Dearborn-St-94110/home/40007635,San Francisco MLS,509426,N,Y,37.7630894,-122.4232251
MLS Listing,,Single Family Residential,3250 Judah St,San Francisco,CA,94122,1650000,2,2.0,Outer Sunset,3029,2000,1955,57,545,,Active,,,http://www.redfin.com/CA/San-Francisco/3250-Judah-St-94122/home/114077936,"bridgeMLS, Bay East AOR, or Contra Costa AOR",40928443,N,Y,37.760956,-122.497143
MLS Listing,,Condo/Co-op,101 Lombard Unit 202E,San Francisco,CA,94111,979000,1,1.0,San Francisco,1026,,1983,57,954,1069,Active,,,http://www.redfin.com/CA/San-Francisco/101-Lombard-St-94111/unit-202E/home/1641773,"bridgeMLS, Bay East AOR, or Contra Costa AOR",40928387,N,Y,37.8037119,-122.4045338
MLS Listing,,Multi-Family (2-4 Unit),1041-1043 Alabama St,San Francisco,CA,94110,1775000,,,Inner Mission,3598,2596,1900,57,493,,Active,,,http://www.redfin.com/CA/San-Francisco/1041-Alabama-St-94110/home/733529,San Francisco MLS,509513,N,Y,37.7552097,-122.4109293
MLS Listing,,Condo/Co-op,2775 Greenwich St,San Francisco,CA,94123,1195000,2,1.0,Cow Hollow,,,,57,,156,Active,,,http://www.redfin.com/CA/San-Francisco/2775-Greenwich-St-94123/unit-2775/home/582526,San Francisco MLS,508524,N,Y,37.7976447,-122.4452975
MLS Listing,,Condo/Co-op,1490 Francisco St #8,San Francisco,CA,94123,769000,1,1.0,Marina,785,,1924,57,980,556,Active,,,http://www.redfin.com/CA/San-Francisco/1490-Francisco-St-94123/unit-8/home/173639572,San Francisco MLS,509446,N,Y,37.802786,-122.4295821
MLS Listing,,Single Family Residential,615 Missouri St,San Francisco,CA,94107,2545000,3,2.0,Potrero Hill,,1873,1925,57,,,Active,,,http://www.redfin.com/CA/San-Francisco/615-Missouri-St-94107/home/1131874,San Francisco MLS,509414,N,Y,37.7585564,-122.3959208
MLS Listing,,Multi-Family (2-4 Unit),187-189 Beaver St,San Francisco,CA,94114,1795000,4,2.0,Corona Heights,2280,1520,1923,57,787,,Active,,,http://www.redfin.com/CA/San-Francisco/187-Beaver-St-94114/home/1291255,San Francisco MLS,508868,N,Y,37.7657373,-122.4371343
MLS Listing,,Condo/Co-op,1160 Mission St #1106,San Francisco,CA,94103,1350000,2,2.0,South of Market,1146,,2008,57,1178,961,Active,,,http://www.redfin.com/CA/San-Francisco/1160-Mission-St-94103/unit-1106/home/17305366,San Francisco MLS,509456,N,Y,37.7787037,-122.4126341
MLS Listing,,Condo/Co-op,201 Folsom St Unit 35D,San Francisco,CA,94105,1478000,1,1.0,South Beach,972,,2016,57,1521,1145,Active,,,http://www.redfin.com/CA/San-Francisco/201-Folsom-St-94105/unit-35D/home/144063860,San Francisco MLS,509492,N,Y,37.7887059,-122.3922385
MLS Listing,,Condo/Co-op,469 Tehama St #1,San Francisco,CA,94103,695000,1,1.0,South of Market,695,,2005,57,1000,580,Active,,,http://www.redfin.com/CA/San-Francisco/469-Tehama-St-94103/unit-1/home/12277273,San Francisco MLS,509496,N,Y,37.779793,-122.4057537
MLS Listing,,Single Family Residential,112 Putnam St,San Francisco,CA,94110,1899000,2,3.0,Bernal Heights,2508,1750,1923,57,757,,Active,,,http://www.redfin.com/CA/San-Francisco/112-Putnam-St-94110/home/1036232,San Francisco MLS,509485,N,Y,37.7379525,-122.4111322
MLS Listing,,Multi-Family (5+ Unit),409 26th Ave,San Francisco,CA,94121,3075000,4,,Central Richmond,5310,3600,1964,57,579,,Active,,,http://www.redfin.com/CA/San-Francisco/409-26th-Ave-94121/home/609491,San Francisco MLS,509332,N,Y,37.7815414,-122.486293
MLS Listing,,Condo/Co-op,1463 Green St,San Francisco,CA,94109,1099000,3,1.5,Russian Hill,1028,,1907,58,1069,630,Active,,,http://www.redfin.com/CA/San-Francisco/1463-Green-St-94109/unit-1475/home/565512,San Francisco MLS,509476,N,Y,37.797446,-122.4231613
MLS Listing,,Single Family Residential,25 Clifford Ter,San Francisco,CA,94117,5250000,3,2.5,Buena Vista Park,2820,2199,1953,58,1862,,Active,,,http://www.redfin.com/CA/San-Francisco/25-Clifford-Ter-94117/home/173636217,San Francisco MLS,508982,N,Y,37.7637261,-122.4434093
MLS Listing,,Condo/Co-op,2799 Bryant St,San Francisco,CA,94110,1295000,2,1.0,Inner Mission,1570,,1920,58,825,180,Active,,,http://www.redfin.com/CA/San-Francisco/2799-Bryant-St-94110/home/12353760,San Francisco MLS,509407,N,Y,37.7497393,-122.4085189
MLS Listing,,Multi-Family (2-4 Unit),278-280 Precita Ave,San Francisco,CA,94110,1995000,5,3.0,Bernal Heights,2500,1873,1907,58,798,,Active,,,http://www.redfin.com/CA/San-Francisco/278-Precita-Ave-94110/home/1944794,San Francisco MLS,509445,N,Y,37.7470864,-122.4142375
MLS Listing,,Vacant Land,881 Moultrie St,San Francisco,CA,94110,350000,,,Bernal Heights,,1750,,58,,,Active,,,http://www.redfin.com/CA/San-Francisco/881-Moultrie-St-94110/unit-V/home/110064250,San Francisco MLS,509438,N,Y,37.733364,-122.416122
MLS Listing,,Condo/Co-op,3590 20th St #204,San Francisco,CA,94110,2199000,3,2.5,Inner Mission,1603,,2015,58,1372,670,Active,,,http://www.redfin.com/CA/San-Francisco/3590-20th-St-94110/unit-204/home/173633598,San Francisco MLS,509021,N,Y,37.7587613,-122.4210024
MLS Listing,,Single Family Residential,3520 Baker St,San Francisco,CA,94123,5900000,4,3.5,Marina,,3049,1928,58,,,Active,,,http://www.redfin.com/CA/San-Francisco/3520-Baker-St-94123/home/1963819,San Francisco MLS,497509,N,Y,37.803629,-122.4467654
MLS Listing,,Condo/Co-op,300 Channel St #51,San Francisco,CA,94518,998000,2,2.5,Mission Bay,1216,,1978,58,821,398,Active,,,http://www.redfin.com/CA/San-Francisco/185-Channel-St-94158/unit-51/home/173631808,San Francisco MLS,509361,N,Y,37.7743439,-122.3912422
MLS Listing,,Condo/Co-op,420 Mission Bay Blvd #1001,San Francisco,CA,94158,2595000,2,2.0,Mission Bay,1921,,2012,58,1351,954,Active,,,http://www.redfin.com/CA/San-Francisco/420-Mission-Bay-Blvd-N-94158/unit-1001/home/40629384,San Francisco MLS,508875,N,Y,37.7715936,-122.3885893
MLS Listing,,Single Family Residential,489 30th St,SAN FRANCISCO,CA,94131,4999888,6,5.0,SAN FRANCISCO,4130,2474,2020,59,1211,,Active,,,http://www.redfin.com/CA/San-Francisco/489-30th-St-94131/home/1415303,MLSListings,ML81818839,N,Y,37.741698,-122.4306881
MLS Listing,,Condo/Co-op,301 Mission St Unit 22H,San Francisco,CA,94105,995000,1,1.0,Yerba Buena,733,,2009,59,1357,1520,Active,,,http://www.redfin.com/CA/San-Francisco/301-Mission-St-94105/unit-22H/home/40138161,San Francisco MLS,509311,N,Y,37.7903824,-122.3961531
MLS Listing,,Condo/Co-op,1501 Filbert St Ph -7D,San Francisco,CA,94123,4380000,2,2.5,Cow Hollow,1562,,2014,59,2804,688,Active,,,http://www.redfin.com/CA/San-Francisco/1501-Filbert-St-94123/unit-7D/home/110051696,San Francisco MLS,509409,N,Y,37.7991911,-122.4245164
MLS Listing,,Condo/Co-op,38 Landers St,San Francisco,CA,94114,725000,1,1.0,Mission Dolores,500,,1900,59,1450,270,Active,,,http://www.redfin.com/CA/San-Francisco/38-Landers-St-94114/home/17305327,San Francisco MLS,509238,N,Y,37.767148,-122.428124
MLS Listing,,Condo/Co-op,488 Folsom St #4201,San Francisco,CA,94105,3675000,3,3.0,South Beach,1934,,2019,59,1900,1847,Active,,,http://www.redfin.com/CA/San-Francisco/488-Folsom-St-94105/unit-4201/home/169571689,San Francisco MLS,509128,N,Y,37.7875077,-122.3944713
MLS Listing,,Multi-Family (2-4 Unit),2-4 Encanto Ave,San Francisco,CA,94115,3995000,10,8.0,Anza Vista,5675,7027,1948,59,704,,Active,,,http://www.redfin.com/CA/San-Francisco/2-Encanto-Ave-94115/home/1070648,San Francisco MLS,509160,N,Y,37.779762,-122.4432297
MLS Listing,,Condo/Co-op,855 Folsom St #316,San Francisco,CA,94107,445815,1,1.0,Yerba Buena,642,,2001,59,694,527,Active,,,http://www.redfin.com/CA/San-Francisco/855-Folsom-St-94107/unit-316/home/12397824,San Francisco MLS,509306,N,Y,37.7807672,-122.4021418
MLS Listing,,Multi-Family (2-4 Unit),150-154 Albion St,San Francisco,CA,94110,2975000,11,4.0,Mission Dolores,5430,2294,1906,59,548,,Active,,,http://www.redfin.com/CA/San-Francisco/150-Albion-St-94110/home/1911572,San Francisco MLS,509303,N,Y,37.763911,-122.42299
MLS Listing,,Condo/Co-op,601 4th St #329,San Francisco,CA,94107,965000,1,1.0,South Beach,1060,,1916,59,910,576,Active,,,http://www.redfin.com/CA/San-Francisco/601-4th-St-94107/unit-329/home/12396474,San Francisco MLS,509116,N,Y,37.7781631,-122.3957778
MLS Listing,,Condo/Co-op,2448 Lombard St #407,San Francisco,CA,94123,945000,1,1.0,Marina,695,,2020,60,1360,593,Active,,,http://www.redfin.com/CA/San-Francisco/2448-Lombard-St-94123/unit-407/home/173625010,San Francisco MLS,509378,N,Y,37.7993402,-122.4419772
MLS Listing,,Condo/Co-op,690 Market St #201,San Francisco,CA,94104,995000,1,1.5,Financial District,1290,,,60,771,2945,Active,,,http://www.redfin.com/CA/San-Francisco/690-Market-St-94104/unit-201/home/21967259,San Francisco MLS,509068,N,Y,37.7882479,-122.4032322
MLS Listing,,Condo/Co-op,765 Market St Unit 23C,San Francisco,CA,94103,1188000,1,1.0,South of Market,794,,2001,60,1496,2234,Active,,,http://www.redfin.com/CA/San-Francisco/765-Market-St-94103/unit-23C/home/1998382,San Francisco MLS,509373,N,Y,37.786097,-122.4041629
MLS Listing,,Condo/Co-op,166 Henry St,San Francisco,CA,94114,2600000,3,3.0,Duboce Triangle,,,,60,,,Active,,,http://www.redfin.com/CA/San-Francisco/166-Henry-St-94114/home/173624134,San Francisco MLS,509353,N,Y,37.7667173,-122.4347889
MLS Listing,,Condo/Co-op,164 Henry St,San Francisco,CA,94114,900000,2,1.0,Duboce Triangle,,,,60,,,Active,,,http://www.redfin.com/CA/San-Francisco/164-Henry-St-94114/home/1922177,San Francisco MLS,509351,N,Y,37.7668159,-122.4347699
MLS Listing,,Condo/Co-op,488 Folsom St #4603,San Francisco,CA,94105,3435000,2,2.5,South Beach,1832,,2019,60,1875,1819,Active,,,http://www.redfin.com/CA/San-Francisco/488-Folsom-St-94105/unit-4603/home/169571711,San Francisco MLS,509132,N,Y,37.7875077,-122.3944713
MLS Listing,,Condo/Co-op,488 Folsom St #4901,San Francisco,CA,94105,4625000,3,3.0,South Beach,2159,,2019,60,2142,1908,Active,,,http://www.redfin.com/CA/San-Francisco/488-Folsom-St-94105/unit-4901/home/169571722,San Francisco MLS,509135,N,Y,37.7875077,-122.3944713
MLS Listing,,Condo/Co-op,53 Guerrero,San Francisco,CA,94103,1069995,3,2.0,Mission Dolores,,,,60,,350,Active,,,http://www.redfin.com/CA/San-Francisco/53-Guerrero-St-94103/home/161435522,San Francisco MLS,509344,N,Y,37.7701365,-122.4245203
MLS Listing,,Condo/Co-op,2243 Green St Unit A,SAN FRANCISCO,CA,94123,2249000,3,2.0,SAN FRANCISCO,1446,,1908,60,1555,575,Active,,,http://www.redfin.com/CA/San-Francisco/2243-Green-St-94123/unit-A/home/102815631,MLSListings,ML81818588,N,Y,37.795785,-122.435978
MLS Listing,,Single Family Residential,71 Laura St,San Francisco,CA,94112,898000,2,1.0,Outer Mission,1215,2953,1907,60,739,,Active,,,http://www.redfin.com/CA/San-Francisco/71-Laura-St-94112/home/830959,San Francisco MLS,508809,N,Y,37.7101771,-122.450948
MLS Listing,,Single Family Residential,704 Ashbury St,San Francisco,CA,94117,3100000,6,2.5,Haight Ashbury,4315,2656,1890,61,718,,Active,,,http://www.redfin.com/CA/San-Francisco/704-Ashbury-St-94117/home/902789,San Francisco MLS,509198,N,Y,37.7688936,-122.4464805
MLS Listing,,Multi-Family (2-4 Unit),957 De Haro St,San Francisco,CA,94107,3998000,4,3.0,Potrero Hill,3030,4151,1926,61,1319,,Active,,,http://www.redfin.com/CA/San-Francisco/957-De-Haro-St-94107/home/110052566,San Francisco MLS,509287,N,Y,37.7577733,-122.400642
MLS Listing,,Vacant Land,1654-1658 Kirkwood Ave,San Francisco,CA,94124,1595000,,,Bayview,,4995,,61,,,Active,,,http://www.redfin.com/CA/San-Francisco/1654-Kirkwood-Ave-94124/unit-V/home/110063124,San Francisco MLS,508908,N,Y,37.738997,-122.390888
MLS Listing,,Condo/Co-op,690 Market St #1803,San Francisco,CA,94104,1699000,2,2.5,Financial District,1431,,2007,62,1187,3098,Active,,,http://www.redfin.com/CA/San-Francisco/690-Market-St-94104/unit-1803/home/21967247,San Francisco MLS,508997,N,Y,37.7882479,-122.4032322
MLS Listing,,Condo/Co-op,1695 18th St #409,San Francisco,CA,94107,267548,0,1.0,Potrero Hill,636,,1996,62,421,458,Active,,,http://www.redfin.com/CA/San-Francisco/1695-18th-St-94107/unit-409/home/1742675,San Francisco MLS,509258,N,Y,37.7620315,-122.3991526
MLS Listing,,Condo/Co-op,1388 Gough St #1101,San Francisco,CA,94109,1198000,2,2.0,Van Ness/Civic Center,1382,,1993,62,867,1426,Active,,,http://www.redfin.com/CA/San-Francisco/1388-Gough-St-94109/unit-1101/home/574289,San Francisco MLS,509257,N,Y,37.7858964,-122.4244491
MLS Listing,,Condo/Co-op,322 6th St #2,San Francisco,CA,94103,729000,1,1.5,South of Market,962,,2001,62,758,598,Active,,,http://www.redfin.com/CA/San-Francisco/322-6th-St-94103/unit-2/home/12397866,San Francisco MLS,509255,N,Y,37.7779365,-122.4053924
MLS Listing,,Condo/Co-op,333 Main St Unit 9B,San Francisco,CA,94105,2199000,3,3.0,South Beach,1462,,2008,63,1504,1016,Active,,,http://www.redfin.com/CA/San-Francisco/333-Main-St-94105/unit-9B/home/21966807,San Francisco MLS,508755,N,Y,37.7891307,-122.3910195
MLS Listing,,Condo/Co-op,1310a Scott St,San Francisco,CA,94115,629000,1,1.0,San Francisco,716,716,1986,63,878,617,Active,,,http://www.redfin.com/CA/San-Francisco/1310-Scott-St-94115/unit-A/home/114070744,"bridgeMLS, Bay East AOR, or Contra Costa AOR",40927640,N,Y,37.7819246,-122.437375
MLS Listing,,Condo/Co-op,425 1st St #4304,San Francisco,CA,94105,829000,1,1.0,South Beach,605,,2008,64,1370,1048,Active,,,http://www.redfin.com/CA/San-Francisco/425-1st-St-94105/unit-4304/home/17304360,San Francisco MLS,509206,N,Y,37.7860625,-122.3921764
MLS Listing,,Condo/Co-op,3789 Fillmore St #9,San Francisco,CA,94123,995000,1,1.0,Marina,944,,1929,64,1054,350,Active,,,http://www.redfin.com/CA/San-Francisco/3789-Fillmore-St-94123/unit-9/home/1594403,San Francisco MLS,509209,N,Y,37.805791,-122.4376589
MLS Listing,,Condo/Co-op,201 Sansome St #1101,San Francisco,CA,94104,1128000,2,2.0,Financial District,984,,1909,64,1146,694,Active,,,http://www.redfin.com/CA/San-Francisco/201-Sansome-St-94104/unit-1101/home/12277371,San Francisco MLS,509100,N,Y,37.7922568,-122.4012423
MLS Listing,,Multi-Family (5+ Unit),125 Trenton St,San Francisco,CA,94133,1690000,6,,Nob Hill,3440,1428,1913,64,491,,Active,,,http://www.redfin.com/CA/San-Francisco/125-Trenton-St-94133/home/547719,San Francisco MLS,509207,N,Y,37.796151,-122.4093279
MLS Listing,,Multi-Family (2-4 Unit),738-740 North Point St,San Francisco,CA,94109,2699000,5,4.0,Russian Hill,,1800,1963,64,,,Active,,,http://www.redfin.com/CA/San-Francisco/738-N-Point-St-94109/home/1924970,San Francisco MLS,504362,N,Y,37.8060401,-122.4193394
MLS Listing,,Condo/Co-op,280 Spear St Unit 10A,San Francisco,CA,94105,1649000,2,2.0,South Beach,1453,,2020,64,1135,1282,Active,,,http://www.redfin.com/CA/San-Francisco/280-Spear-St-94105/unit-10A/home/167047946,San Francisco MLS,509191,N,Y,37.7903739,-122.3913812
MLS Listing,,Condo/Co-op,246 2nd St #804,San Francisco,CA,94105,798000,1,1.0,Soma,698,,2000,64,1143,570,Active,,,http://www.redfin.com/CA/San-Francisco/246-2nd-St-94105/unit-804/home/850992,"bridgeMLS, Bay East AOR, or Contra Costa AOR",40927466,N,Y,37.7857459,-122.3973982
MLS Listing,,Single Family Residential,1220 Treat Ave,San Francisco,CA,94110,1449000,3,1.0,Inner Mission,1360,2809,1900,64,1065,,Active,,,http://www.redfin.com/CA/San-Francisco/1220-Treat-Ave-94110/home/1720899,San Francisco MLS,508626,N,Y,37.7505651,-122.4129906
